invariant_id	task_id	status	evidence_ref	result	checked_at	note
WDB-HIS-001	M5-22	PLANNED				
WDB-HIS-003	M7-15	PLANNED				
WDB-HIS-004	M3-05	PLANNED				
WDB-HIS-004	M5-12	PLANNED				
WDB-HIS-004	M6-13	PLANNED				
WDB-BRA-001	M4-05a	PLANNED				
WDB-BRA-001	M5-12	PLANNED				
WDB-BRA-001	M6-13	PLANNED				
WDB-BRA-002	M4-05a	PLANNED				
WDB-BRA-002	M5-12	PLANNED				
WDB-BRA-002	M6-13	PLANNED				
WDB-BRA-003	M4-05a	PLANNED				
WDB-BRA-003	M4-05b	PLANNED				
WDB-BRA-003	M5-12	PLANNED				
WDB-BRA-003	M6-13	PLANNED				
WDB-BRA-004	M4-05a	PLANNED				
WDB-BRA-004	M4-05b	PLANNED				
WDB-BRA-004	M5-12	PLANNED				
WDB-BRA-004	M6-13	PLANNED				
WDB-BRA-005	M3-07	PLANNED				
WDB-LAY-001	M4-04b	PLANNED				
WDB-LAY-001	M5-06	PLANNED				
WDB-LAY-003	M3-15	PLANNED				
WDB-LAY-004	M3-15	PLANNED				
WDB-LAY-005	M4-04c	PLANNED				
WDB-LAY-005	M4-05a	PLANNED				
WDB-LAY-005	M5-06	PLANNED				
WDB-LAY-005	M5-12	PLANNED				
WDB-LAY-006	M2-04	PLANNED				
WDB-LAY-006	M4-05a	PLANNED				
WDB-LAY-007	M2-04	PLANNED				
WDB-LAY-007	M4-05a	PLANNED				
WDB-LAY-008	M4-04c	PLANNED				
WDB-LAY-008	M4-05a	PLANNED				
WDB-LAY-008	M5-06	PLANNED				
WDB-LAY-008	M5-12	PLANNED				
WDB-LAY-009	M5-06	PLANNED				
WDB-LAY-009	M7-13	PLANNED				
WDB-LAY-010	M2-04	PLANNED				
WDB-LAY-010	M4-04c	PLANNED				
WDB-LAY-010	M4-05a	PLANNED				
WDB-LAY-011	M2-04	PLANNED				
WDB-LAY-011	M3-07	PLANNED				
WDB-TIM-003	M2-05	PLANNED				
WDB-AST-002	M2-05	PLANNED				
WDB-AST-002	M2-15c	PLANNED				
WDB-AST-002	M4-05	PLANNED				
WDB-AST-002	M4-05d	PLANNED				
WDB-AST-002	M8-14a	PLANNED				
WDB-REF-001	M1-17d	DONE	test:wire_records::tests::every_record_ref_roundtrips_and_unknown_noncanonical_or_malformed_refs_are_rejected;test:wire_records::tests::runtime_record_ref_tags_match_the_complete_policy_registry	PASS	2026-09-30T00:17:43+02:00	All 24 RecordRef wire variants roundtrip with fixed tags; unknown, noncanonical, and malformed refs fail closed.
WDB-REF-001	M3-09	PLANNED				
WDB-REF-001	M7-13	PLANNED				
WDB-REF-003	M1-17d	DONE	test:wire_records::tests::source_meta_decoder_enforces_the_closed_evidence_and_provenance_matrices	PASS	2026-09-30T00:17:43+02:00	Wire decoding admits only the registered EvidenceTargetRef subset and rejects disallowed variants.
WDB-REF-004	M1-17d	DONE	test:wire_records::tests::source_meta_decoder_enforces_the_closed_evidence_and_provenance_matrices	PASS	2026-09-30T00:17:43+02:00	Wire decoding matches the concrete Corrects endpoint matrix and rejects incompatible endpoints and self-loops.
WDB-REF-004	M2-15a	PLANNED	-	-	-	Historische Corrects-Kompatibilität folgt M2-15a.
WDB-REF-005	M1-17d	DONE	test:wire_records::tests::source_meta_decoder_enforces_the_closed_evidence_and_provenance_matrices	PASS	2026-09-30T00:17:43+02:00	Wire decoding rejects disallowed DerivedFrom/ResultedFrom endpoints and has no Other/string escape.
WDB-REF-005	M2-15a	PLANNED	-	-	-	Relationsemantik folgt M2-15a.
WDB-TYP-001	M1-17d	DONE	test:wire_records::tests::all_implemented_records_match_fixed_golden_frames_and_round_trip;test:wire_records::tests::source_meta_decoder_enforces_the_closed_evidence_and_provenance_matrices	PASS	2026-09-30T00:17:43+02:00	Canonical valid wire records reconstruct closed domain types; crafted endpoint violations are rejected by the record decoder.
WDB-TYP-001	M3-14	PLANNED				
WDB-TYP-001	M7-13	PLANNED				
WDB-SCH-008	M2-08	PLANNED				
WDB-SCH-008	M4-04a	PLANNED				
WDB-SCH-010	M4-04c	PLANNED				
WDB-SCH-010	M8-11a	PLANNED				
WDB-SCH-010	M8-26d	PLANNED				
WDB-SCH-011	M5-22	PLANNED				
WDB-SCH-017	M3-15	PLANNED				
WDB-SCH-017	M5-22	PLANNED				
WDB-SCH-017	M8-26d	PLANNED				
WDB-EVT-004	M4-04a	PLANNED				
WDB-EVT-004	M4-04c	PLANNED				
WDB-EVT-004	M4-05	PLANNED				
WDB-EVT-005	M4-04a	PLANNED				
WDB-EVT-005	M4-04c	PLANNED				
WDB-EVT-005	M4-05	PLANNED				
WDB-EVT-007	M4-04a	PLANNED				
WDB-EVT-007	M4-04c	PLANNED				
WDB-EVT-007	M4-05	PLANNED				
WDB-EVT-012	M2-15a	PLANNED				
WDB-EVT-012	M2-15c	PLANNED				
WDB-EVT-012	M4-05d	PLANNED				
WDB-EVT-012	M8-14a	PLANNED				
WDB-EVI-004	M3-15	PLANNED				
WDB-EVI-007	M4-04c	PLANNED				
WDB-EVI-007	M4-05	PLANNED				
WDB-PRV-002	M2-15c	PLANNED				
WDB-PRV-002	M4-05d	PLANNED				
WDB-PRV-002	M8-14a	PLANNED				
WDB-PRV-009	M6-10	PLANNED				
WDB-PRV-013	M4-04c	PLANNED				
WDB-PRV-013	M4-05	PLANNED				
WDB-MIG-005	M7-10b	PLANNED				
WDB-MIG-009	M7-10a	PLANNED				
WDB-MIG-010	M7-10a	PLANNED				
WDB-MIG-023	M7-10b	PLANNED				
WDB-TX-002	M5-22	PLANNED				
WDB-TX-003	M5-22	PLANNED				
WDB-TX-004	M5-12	PLANNED				
WDB-TX-004	M5-22	PLANNED				
WDB-TX-004	M8-26d	PLANNED				
WDB-TX-005	M5-12	PLANNED				
WDB-TX-005	M5-22	PLANNED				
WDB-TX-006	M5-12	PLANNED				
WDB-TX-006	M5-22	PLANNED				
WDB-OCC-005	M5-22	PLANNED				
WDB-OCC-005	M8-26d	PLANNED				
WDB-SNP-003	M5-15	PLANNED				
WDB-SNP-003	M5-22	PLANNED				
WDB-SNP-003	M7-08	PLANNED				
WDB-SNP-003	M7-11	PLANNED				
WDB-STO-004	M5-16	PLANNED				
WDB-STO-005	M5-16	PLANNED				
WDB-STO-006	M7-08	PLANNED				
WDB-STO-006	M7-10	PLANNED				
WDB-STO-006	M8-26d	PLANNED				
WDB-WIR-003	M9-04a	PLANNED				
WDB-WIR-004	M8-26d	PLANNED				
WDB-WIR-005	M6-14c	PLANNED				
WDB-WAL-001	M5-12	PLANNED				
WDB-WAL-001	M5-22	PLANNED				
WDB-WAL-002	M5-12	PLANNED				
WDB-WAL-002	M5-22	PLANNED				
WDB-WAL-004	M5-12	PLANNED				
WDB-REC-003	M8-26d	PLANNED				
WDB-REC-005	M8-26d	PLANNED				
WDB-BKP-001	M7-10	PLANNED				
WDB-BKP-002	M7-10	PLANNED				
WDB-API-002	M8-26d	PLANNED				
WDB-API-004	M6-11	PLANNED				
WDB-API-004	M8-26d	PLANNED				
WDB-API-005	M8-26d	PLANNED				
WDB-API-007	M8-26d	PLANNED				
WDB-SEC-003	M3-15	PLANNED				
WDB-SEC-003	M6-13	PLANNED				
WDB-SEC-004	M3-15	PLANNED				
WDB-SEC-004	M6-10	PLANNED				
WDB-SEC-004	M6-13	PLANNED				
WDB-SEC-005	M5-06a	PLANNED				
WDB-SEC-005	M5-12	PLANNED				
WDB-SEC-005	M5-22	PLANNED				
WDB-AUD-001	M5-22	PLANNED				
WDB-AUD-002	M8-26d	PLANNED				
WDB-AUD-003	M5-22	PLANNED				
WDB-AUD-003	M7-10	PLANNED				
WDB-AUD-003	M7-10a	PLANNED				
WDB-AUD-003	M7-12	PLANNED				
WDB-AUD-003	M7-15	PLANNED				
WDB-AUD-003	M8-26d	PLANNED				
WDB-AUD-005	M8-26d	PLANNED				
WDB-AUD-009	M8-26d	PLANNED				
WDB-AUD-011	M8-26d	PLANNED				
WDB-CON-003	M9-05	PLANNED				
WDB-CON-004	M5-22	PLANNED				
WDB-CON-004	M8-26d	PLANNED				
WDB-ENG-004	M9-13b	PLANNED				
WDB-ENG-005	M9-13b	PLANNED				
WDB-ENG-006	M9-13b	PLANNED				
WDB-ENG-007	M9-13b	PLANNED				
WDB-REF-003	M1-14	DONE	test:record_refs::tests::all_record_ref_subset_conversions_match_the_closed_memberships	PASS	2026-09-29T18:50:12+02:00	The 21 admitted EvidenceTargetRef variants match the approved J-marked families, including ArchiveTransition; Source, Evidence, and direct EventRelation remain rejected.
WDB-PRO-001	M2-07	PLANNED				Schema-aware proposition comparison in Proposition-mask projection.
WDB-PRO-001	M2-17	PLANNED				Property tests for all four Proposition Equality components across resolution inputs.
