invariant_id	class	source_statement	primary_task	evidence_classes	followup_evidence_tasks	positive_evidence	negative_evidence	status	note
WDB-PHIL-001	HARD	Abstraktionen erhalten jede für Semantik, History, Security, Recovery, Retry, Ownership oder Diagnose relevante Unterscheidung, sofern kein Verlustfreiheitsnachweis vorliegt.	M9-13b	CT,FZ,ST				PLANNED	
WDB-HIS-001	HARD	Veröffentlichte Revisionen steigen monoton und sind eindeutig.	M2-01	SM,CR	M5-22			PLANNED	ADR-039 confirms stronger Master §§2.1/3.1; preserve source statement for source comparison. M2-01/M5-22 proof obligations unchanged.
WDB-HIS-002	HARD	Revision ist Transaction Time und bestimmt keine fachliche Precedence.	M2-01	UT,DF				PLANNED	
WDB-HIS-003	HARD	Committed History wird nur durch expliziten Offline-Purge physisch entfernt.	M5-15	SM,CR	M7-15			PLANNED	
WDB-HIS-004	HARD	Historical Query bindet Daten- und Schema-Snapshot reproduzierbar.	M2-16	DF,CT	M3-05,M5-12,M6-13			PLANNED	
WDB-BRA-001	HARD	Child sieht Parent höchstens bis `base_revision`.	M2-02	PT,DF	M4-05a,M5-12,M6-13			PLANNED	
WDB-BRA-002	HARD	Spätere Parent-Commits fließen nicht automatisch in Child.	M2-02	SM,DF	M4-05a,M5-12,M6-13			PLANNED	
WDB-BRA-003	HARD	Siblings sind ohne explizite Migration/Merge isoliert.	M2-02	SM,DF	M4-05a,M4-05b,M5-12,M6-13			PLANNED	
WDB-BRA-004	HARD	HistorySpace-Operationen ändern keine Schemaidentitäten.	M2-02	UT,CT	M4-05a,M4-05b,M5-12,M6-13			PLANNED	
WDB-BRA-005	HARD	HistorySpace ist der einzige Branch-Domain-Typ; `BranchId` existiert nicht.	M1-07	CF,CT	M3-07	test:catalog::tests::history_space_root_and_parent_shape_are_validated;test:catalog::tests::history_space_catalog_rejects_missing_parents_duplicates_and_cycles	test:catalog::tests::history_space_root_and_parent_shape_are_validated (self-parent rejected);test:catalog::tests::history_space_catalog_rejects_missing_parents_duplicates_and_cycles (missing parent, duplicate ID, and cycle rejected);test:rustdoc compile_fail BranchId does not exist	DONE	HistorySpaceId with optional parent is the only branch-domain identity; no BranchId type is defined.
WDB-LAY-001	HARD	Jeder layerfähige Record trägt genau eine LayerId; Layer ist orthogonal zu HistorySpace, Perspective und Security.	M1-17d	CT,ST	M4-04b,M5-06	test:wire_records::tests::every_layer_capable_record_wire_payload_has_an_explicit_layer_id	test:wire_records::tests::every_layer_capable_record_wire_payload_has_an_explicit_layer_id (missing Event.LayerId rejected)	DONE	M1-17d verifies all five layer-capable wire families carry an explicit LayerId and missing Event.LayerId fails closed; storage/import proof remains M4-04b/M5-06.
WDB-LAY-002	HARD	ContextPrecedence ordnet HistorySpace-Spezifität vor LayerRank; Perspective/EpistemicMode sind keine Ränge.	M2-04	UT,DF				PLANNED	
WDB-LAY-003	HARD	Masking überschreitet weder Perspective- noch EpistemicMode-Partitionen.	M2-04	UT,NI	M3-15			PLANNED	
WDB-LAY-004	HARD	Layerrechte verändern keine fachliche Precedence.	M2-04	DF,NI	M3-15			PLANNED	
WDB-LAY-005	HARD	Jeder wirksame historische Schemastand bezeichnet genau einen aktiven Base-Layer.	M1-06	CT	M4-04c,M4-05a,M5-06,M5-12	test:layers::tests::base_switch_is_a_new_atomic_historical_state_and_rank_revisions_keep_ids (old and new base designations remain in separate revisions)	test:layers::tests::snapshot_requires_one_explicit_unique_lowest_active_base (inactive, tied, and non-lowest bases rejected)	DONE	LayerSchemaSnapshot stores the base ID and validates every post-state.
WDB-LAY-006	HARD	LayerDefinition folgt `Active → Deprecated → Retired`; Retirement verhindert neue Records, erhält aber Definition und historische Records.	M1-06	SM,DF,CT	M2-04,M4-05a	test:layers::tests::lifecycle_revisions_are_forward_only_and_keep_stable_identity;test:layers::tests::base_switch_is_a_new_atomic_historical_state_and_rank_revisions_keep_ids (deprecation then retirement)	test:layers::tests::schema_revision_preserves_layer_identity_symbols_and_history (reactivation rejected);test:layers::tests::snapshot_requires_one_explicit_unique_lowest_active_base (inactive base rejected)	DONE	Lifecycle and retained schema definitions are validated here; write rejection and stored-record retention are follow-ups M4-05a.
WDB-LAY-007	HARD	`base_layer_id` ist historisierte Projektschemadaten und weder hardcodierte ID noch Name.	M1-06	DF,CT	M2-04,M4-05a	test:layers::tests::base_switch_is_a_new_atomic_historical_state_and_rank_revisions_keep_ids (project data chooses different base IDs)	test:layers::tests::snapshot_rejects_duplicate_ids_symbols_and_future_definitions (unknown base rejected);test:layers::tests::schema_revision_preserves_layer_identity_symbols_and_history (symbol cannot change for same ID)	DONE	base_layer_id is stored on the versioned layer schema view; no layer name or ID is hardcoded.
WDB-LAY-008	HARD	Der bezeichnete Base-Layer besitzt den eindeutig niedrigsten aktiven PrecedenceRank und kann während der Bezeichnung nicht deprecated/retired sein.	M1-06	PT,CT	M4-04c,M4-05a,M5-06,M5-12	test:layers::tests::snapshot_requires_one_explicit_unique_lowest_active_base (valid unique lowest base)	test:layers::tests::snapshot_requires_one_explicit_unique_lowest_active_base (inactive, tied, and higher-ranked base rejected)	DONE	Only active layers participate in the unique-lowest-rank check.
WDB-LAY-009	HARD	Jeder persistierte layerfähige Record trägt eine ausdrückliche LayerId; Decoder, Import und Storage setzen nie still den Base-Layer ein.	M1-17d	CT,FZ	M5-06,M7-13	test:wire_records::tests::every_layer_capable_record_wire_payload_has_an_explicit_layer_id	test:wire_records::tests::every_layer_capable_record_wire_payload_has_an_explicit_layer_id (missing Event.LayerId rejected)	DONE	Wire decoding requires an explicit LayerId on all five layer-capable record families; import/storage proofs remain M5-06/M7-13.
WDB-LAY-010	HARD	Base-Layer-Wechsel ist eine atomare Schemaänderung, erhält historische Bezeichnungen und verschiebt keine Records automatisch.	M1-06	SM,DF,CT	M2-04,M4-04c,M4-05a	test:layers::tests::base_switch_is_a_new_atomic_historical_state_and_rank_revisions_keep_ids (base, ranks, and lifecycle validated in a later immutable snapshot)	test:layers::tests::base_switch_is_a_new_atomic_historical_state_and_rank_revisions_keep_ids (same-revision update rejected);test:layers::tests::snapshot_requires_one_explicit_unique_lowest_active_base (invalid post-state rejected)	DONE	Model preserves old schema state and does not move records; transaction and no-record-movement proof remain M4-04c/M4-05a.
WDB-LAY-011	HARD	LayerSelection ist `BaseOnly | AllActive | Explicit`; BaseOnly wird gegen den gepinnten Query-Schemasnapshot aufgelöst.	M1-06	DF,CF,CT,ST	M2-04,M3-07	test:layers::tests::selections_resolve_only_against_the_pinned_snapshot;test:rustdoc compile_fail empty Explicit layer set	test:layers::tests::selections_resolve_only_against_the_pinned_snapshot (unknown explicit ID rejected)	DONE	SOURCE_ERRATUM_M0-02; Resolver consumes one immutable LayerSchemaSnapshot; QueryContext and end-to-end snapshot pinning follow M3-07.
WDB-TIM-001	HARD	RecordedAsOf, WorldTime, EventTime und AssertionValidity sind getrennte Typen.	M1-02	UT,CF		test:temporal::tests::recorded_as_of_is_bound_to_the_revision_axis;test:temporal::tests::event_time_distinguishes_instants_closed_spans_and_open_spans	test:rustdoc compile_fail Revision cannot be assigned to RecordedAsOf;test:rustdoc compile_fail Duration, EventTime and AssertionValidity cannot be assigned to WorldTime	DONE	RecordedAsOf, WorldTime, Duration, EventTime, and AssertionValidity are separate types. Database publication checks remain with the future history reader.
WDB-TIM-002	HARD	Inkompatible Timelines erhalten keine implizite globale Ordnung.	M1-02	PT,CF		test:temporal::tests::world_time_compares_explicitly_within_one_timeline	test:temporal::tests::world_time_refuses_implicit_cross_timeline_order;test:rustdoc compile_fail WorldTime has no PartialOrd	DONE	WorldTime has no global ordering trait; checked_cmp allows same-timeline order and rejects different TimelineIds.
WDB-TIM-003	HARD	Intervallgrenzen verwenden eine einzige dokumentierte Halb-offen-Semantik `[start,end)`.	M1-02	PT,DF	M2-05	test:temporal::tests::half_open_intervals_include_start_and_exclude_end;test:temporal::tests::event_time_distinguishes_instants_closed_spans_and_open_spans	test:temporal::tests::half_open_intervals_include_start_and_exclude_end (reversed range rejected);test:temporal::tests::event_time_distinguishes_instants_closed_spans_and_open_spans (empty closed span rejected)	DONE	Runtime containment is [start,end); open bounds use Option. Query/schema unit resolution and M2-05 query follow-up remain scheduled.
WDB-AST-001	HARD	Assertion-Records sind immutable.	M1-09	SM		test:assertions::tests::closure_and_retraction_are_additional_records_on_distinct_axes	 test:rustdoc compile_fail mutate_assertion;test:rustdoc compile_fail mutate_closure;test:rustdoc compile_fail mutate_retraction	DONE	Private fields and compile-fail examples establish immutable record APIs; lifecycle projections remain follow-up evidence.
WDB-AST-002	HARD	Close, Retract und Correct erzeugen neue Lifecycle-/Domain-Records.	M1-09	SM,DF	M2-05,M2-15c,M4-05,M4-05d,M8-14a	test:assertions::tests::closure_and_retraction_are_additional_records_on_distinct_axes	test:assertions::tests::lifecycle_records_reject_non_later_revisions_and_cross_timeline_closure	DONE	M1-09 proves Closure and Retraction are separate immutable records and rejects invalid revision/timeline cases; Correct, historical projection, and atomic transaction behavior remain in M2-05/M2-15c/M4-05/M4-05d/M8-14a follow-ups.
WDB-AST-003	HARD	Retraction bedeutet Korrektur auf Transaction Time, nicht World-Time-Ende.	M2-05	UT,DF				PLANNED	
WDB-PRO-001	HARD	Proposition Equality besteht exakt aus Subject, Predicate, Value, Polarity.	M1-09	PT	M2-07,M2-17	test:assertions::tests::proposition_projection_contains_exactly_the_equality_components	test:assertions::tests::proposition_projection_excludes_context_identity_validity_and_revision	DONE	M1-09 proves the four-component projection and excludes context, record identity, validity, and creation revision. Schema-aware Value comparison and property coverage in masking/resolution remain M2-07/M2-17 follow-ups.
WDB-MSK-001	HARD	Masking ist kein positiver oder negativer Fakt.	M2-07	UT,DF				PLANNED	
WDB-MSK-002	HARD	Mask wirkt nur gegen strikt niedrigere `ContextPrecedence`.	M2-07	UT				PLANNED	
WDB-MSK-003	HARD	Mask-Scope ist genau ExactAssertion, Proposition oder Slot.	M2-07	UT,FZ				PLANNED	
WDB-MSK-004	HARD	Ohne verbleibenden Kandidaten resultiert grundsätzlich Unknown.	M2-07	UT				PLANNED	
WDB-MSK-005	HARD	EventMask ist keine EventRetraction und cascadiert nicht zu Assertions.	M2-12b	UT,DF				PLANNED	
WDB-RES-001	HARD	Fachoutcomes sind Known, Unknown oder Conflict; Technikfehler separat.	M2-08	UT,CF				PLANNED	
WDB-RES-002	HARD	Keine ResolutionPolicy verwendet implizites Last Write Wins.	M2-08	UT,DF				PLANNED	
WDB-RES-003	HARD	Securityfilter läuft vor Masking und Resolution.	M3-04	DF,NI				PLANNED	
WDB-RES-004	HARD	ReplacementBoundary ist nur für MultiValueReplace gültig.	M2-10	UT,FZ				PLANNED	
WDB-RES-005	HARD	ReplacementBoundary kann eine explizit vollständige leere Menge erzeugen.	M2-10	UT				PLANNED	
WDB-RES-006	HARD	Resolutionausgabe besitzt deterministische kanonische Ordnung.	M2-16	PT,CT				PLANNED	Normative location: Master §16 plus M0-02a supplement for complete canonical resolution ordering (ADR-039).
WDB-VAL-001	HARD	Core-Value enthält weder Null, Float, JSON, Array noch Map.	M1-04	CF,FZ		test:closed_value_catalog_constructs_each_allowed_variant;test:strings_remain_utf8_and_byte_exact_while_symbols_are_restricted;test:symbol_grammar_accepts_only_ascii_lowercase_identifiers	test:compile_fail Value::Null rustdoc example;test:compile_fail Value::Float rustdoc example;test:compile_fail Value::Json rustdoc example;test:compile_fail Value::Array rustdoc example;test:compile_fail Value::Map rustdoc example	DONE	-
WDB-VAL-002	HARD	Equality ist typisiert und coercion-frei.	M1-03	PT		test:signed_and_unsigned_integer_boundaries_round_trip_canonically;test:decimal_scale_normalizes_without_changing_numeric_identity	test:reject_signed_unsigned_equality;test:reject_decimal_integer_equality;test:reject_decimal_unsigned_equality;test:reject_float_coercion	DONE	-
WDB-VAL-003	HARD	Decimal besitzt genau eine kanonische Darstellung.	M1-03	PT,CT		test:decimal_scale_normalizes_without_changing_numeric_identity;test:integer_and_decimal_encodings_match_canonical_vectors;test:decimal_numeric_order_is_exact_across_scales_and_signs	test:decimal_bytes_round_trip_and_reject_noncanonical_alternatives;test:integer_varints_reject_nonminimal_truncated_and_overflowing_forms	DONE	-
WDB-VAL-005	HARD	Decimal-Scale ist nicht Teil numerischer Identität; Darstellungs-/Messpräzision liegt in Schema/Metadaten.	M1-05	PT,CT		test:schema::tests::decimal_precision_metadata_is_separate_from_numeric_identity;test:numbers::tests::decimal_scale_normalizes_without_changing_numeric_identity	test:schema::tests::decimal_precision_metadata_is_separate_from_numeric_identity rejects metadata on non-Decimal and empty metadata	DONE	Metadata fields are fractional decimal-place counts stored on schema/field definitions; they are not Decimal fields.
WDB-VAL-006	HARD	CalendarPeriod ist 1.0 kein Assertion-Value.	M1-04	CF,FZ		test:closed_value_catalog_constructs_each_allowed_variant;artifact:crates/worlddb-core/src/values.rs Value variant list	test:compile_fail Value::CalendarPeriod rustdoc example	DONE	-
WDB-VAL-004	HARD	`Value` besitzt kein globales fachliches `Ord`.	M1-04	CF		artifact:crates/worlddb-core/src/values.rs Value has no Ord or PartialOrd implementation	test:compile_fail requires_ord Value rustdoc example;test:compile_fail attempts_global_value_order rustdoc example	DONE	Normative location corrected to Master §3.2 by ADR-039.
WDB-ID-001	HARD	Domänen-IDs sind nicht vertauschbare Newtypes.	M1-01	CF		test:ids::tests::every_identity_type_has_one_explicit_persistence_and_wire_scope	test:rustdoc compile_fail cross-family AssertionId-to-EventId assignment	DONE	51 UUID identity types are distinct newtypes; compile-fail evidence rejects cross-family assignment.
WDB-ID-002	HARD	IDs sind 128 Bit; Zero und All-FF sind ungültig.	M1-01	PT,FZ		test:ids::tests::parses_and_formats_canonical_lowercase_uuid	test:ids::tests::rejects_reserved_uuid_sentinels;test:ids::tests::rejects_noncanonical_text_and_invalid_uuid_generator_fields	DONE	IDs use fixed 16-byte arrays and canonical UUID text; Nil and All-FF are rejected.
WDB-ID-003	HARD	ID-Zeitanteile definieren keine fachliche Zeit oder Authentizität.	M1-01	UT,ST		test:ids::tests::accepts_all_standard_rfc_uuid_versions;test:ids::tests::uuid_timestamp_bits_do_not_define_domain_time	test:ids::tests::rejects_noncanonical_text_and_invalid_uuid_generator_fields;test:rustdoc compile_fail timestamp_millis is not an EntityId domain API	DONE	RFC UUID versions 1–8 and extreme valid timestamps parse; invalid version/variant fail; no domain-time accessor exists.
WDB-ID-004	HARD	BranchId, SchemaVersionId und typgelöschte LifecycleRecordId existieren nicht.	M1-01	CF,CT		test:ids::tests::every_identity_type_has_one_explicit_persistence_and_wire_scope (exact registered taxonomy)	test:rustdoc compile_fail imports reject BranchId, SchemaVersionId, LifecycleRecordId, and SegmentId	DONE	All three legacy IDs are absent; SegmentId remains internal; the exact 51-type registry is checked.
WDB-REF-001	HARD	Persistierter/Wire-RecordRef ist eine geschlossene exhaustive Enum.	M1-14	CF,CT,FZ	M1-17d,M3-09,M7-13	test:record_refs::tests::every_record_ref_has_one_stable_unique_wire_tag_and_ledger_entry;test:record_refs::tests::unknown_record_ref_wire_tags_fail_closed;test:wire_records::tests::runtime_record_ref_tags_match_the_complete_policy_registry;test:wire_records::tests::domain_record_refs_match_fixed_golden_vectors;test:wire_records::tests::domain_record_refs_match_fixed_golden_vectors (all 24 variants)	test:record_refs::tests::unknown_record_ref_wire_tags_fail_closed;test:record_refs::tests::all_record_ref_subset_conversions_match_the_closed_memberships;test:rustdoc compile_fail RecordRef::Other, operational refs, string refs, and schema-ref erasure;test:wire_records::tests::deferred_unknown_noncanonical_and_malformed_record_refs_are_rejected;test:wire_records::tests::every_closed_archive_target_round_trips_and_archive_cannot_target_itself;test:wire_records::tests::every_record_ref_roundtrips_and_unknown_noncanonical_or_malformed_refs_are_rejected	DONE	All 24 RecordRef variants have unique fixed tags and exact wire roundtrips; unknown tags and malformed/noncanonical refs fail closed. Query/import evidence follows M3-09/M7-13.
WDB-REF-002	HARD	Evidence-, Provenance- und Lifecycle-Targets sind validierte RecordRef-Teilmengen.	M1-14	PT,FZ		test:record_refs::tests::all_record_ref_subset_conversions_match_the_closed_memberships;test:wire_records::tests::every_closed_archive_target_round_trips_and_archive_cannot_target_itself	test:record_refs::tests::unknown_record_ref_wire_tags_fail_closed;test:record_refs::tests::all_record_ref_subset_conversions_match_the_closed_memberships;test:rustdoc compile_fail RecordRef::Other, operational refs, string refs, and schema-ref erasure;test:wire_records::tests::every_closed_archive_target_round_trips_and_archive_cannot_target_itself (self-target and unknown tag rejected)	DONE	Typed Evidence, Provenance, Lifecycle, Archive, and EventRelation subsets remain closed; the archive target decoder round-trips all 23 allowed types and rejects ArchiveTransition self-targeting.
WDB-REF-003	HARD	EvidenceTargetRef erlaubt ausschließlich die in §31.2.1 mit J markierten Varianten.	M1-13	PT,CF,FZ	M1-14,M1-17d	test:source_provenance::tests::evidence_links_sources_to_only_typed_allowed_target_families;test:record_refs::tests::all_record_ref_subset_conversions_match_the_closed_memberships;test:wire_records::tests::source_meta_decoder_enforces_the_closed_evidence_and_provenance_matrices	test:rustdoc compile_fail Source, Evidence, and EventRelation are not EvidenceTargetRef variants;test:record_refs::tests::all_record_ref_subset_conversions_match_the_closed_memberships (ArchiveTransition is admitted);test:wire_records::tests::source_meta_decoder_enforces_the_closed_evidence_and_provenance_matrices (Source, Evidence, EventRelation rejected as targets)	DONE	Exactly 21 of 24 variants decode as Evidence targets; Source, Evidence, and EventRelation fail closed. ArchiveTransition remains admitted under the lifecycle family.
WDB-REF-004	HARD	Corrects verlangt dieselbe kompatible Recordfamilie und konkrete Lifecycle-Variante.	M1-13	PT,FZ	M1-17d,M2-15a	test:source_provenance::tests::corrects_requires_same_concrete_family_and_provenance_rejects_self_loops (23 compatible variant pairs);test:wire_records::tests::source_meta_decoder_enforces_the_closed_evidence_and_provenance_matrices	test:source_provenance::tests::corrects_requires_same_concrete_family_and_provenance_rejects_self_loops (506 incompatible pairs and Self-Loop);test:rustdoc compile_fail Lifecycle-IDs cannot be interchanged;test:wire_records::tests::source_meta_decoder_enforces_the_closed_evidence_and_provenance_matrices (incompatible endpoints and self-loops rejected)	DONE	Wire decoder matches the constructor matrix for the tested Corrects pairs and rejects incompatible/self-loop endpoints; Assertion-slot, EventKind, and Transaction-Time semantics remain dependent on M2-15a.
WDB-REF-005	HARD	DerivedFrom- und ResultedFrom-Endpunkte folgen den geschlossenen Matrizen ohne Other-/String-Escape-Hatch.	M1-13	PT,CF,FZ	M1-17d,M2-15a	test:source_provenance::tests::derived_from_rejects_exactly_the_disallowed_from_families;test:source_provenance::tests::resulted_from_accepts_only_assertion_or_event_on_each_side;test:wire_records::tests::source_meta_decoder_enforces_the_closed_evidence_and_provenance_matrices	test:source_provenance::tests::derived_from_rejects_exactly_the_disallowed_from_families (Mask/ReplacementBoundary/EventMask from);test:source_provenance::tests::resulted_from_accepts_only_assertion_or_event_on_each_side (alle verbotenen Varianten auf beiden Seiten);test:rustdoc compile_fail EventRelation and Other escapes are absent;test:wire_records::tests::source_meta_decoder_enforces_the_closed_evidence_and_provenance_matrices (disallowed DerivedFrom/ResultedFrom endpoints rejected)	DONE	Wire decoder exercises closed DerivedFrom/ResultedFrom endpoint matrices and no escape hatch; historical relation semantics follow M2-15a.
WDB-SEN-001	HARD	Kein Sentinel codiert Abwesenheit, Fehler oder Lifecycle.	M1-01	FZ,ST		test:ids::tests::revisions_reserve_max_and_keep_genesis_and_first_commit	test:ids::tests::rejects_reserved_uuid_sentinels;test:ids::tests::revisions_reserve_max_and_keep_genesis_and_first_commit	DONE	Sentinel UUIDs and Revision::MAX are rejected; Genesis 0 and first commit 1 are ordinary typed values.
WDB-SEN-002	HARD	Option, Result und Domain-Enum bleiben semantisch getrennt.	M1-15	CF,ST		test:transaction::tests::transaction_states_are_explicit_runtime_values;test:migration::tests::migration_run_states_are_separate_from_transaction_states;test:jobs::tests::job_status_and_terminal_outcomes_are_separate_values;test:audit::tests::audit_sequence_is_not_a_data_revision_and_does_not_wrap	test:rustdoc compile_fail None/Err cannot construct JobStatus;test:rustdoc compile_fail MigrationRunState cannot be assigned to TransactionState;test:rustdoc compile_fail AuditSequence cannot be assigned to Revision;test:rustdoc compile_fail closed enums have no Other	DONE	Option represents an optional owner, Result reports constructor errors, and closed domain enums represent transaction, migration, job, audit outcome, and commit-context state separately.
WDB-TYP-001	HARD	Fremddaten umgehen keine validierenden Konstruktoren.	M1-01	CT,FZ,ST	M1-17d,M3-14,M7-13	test:ids::tests::parses_and_formats_canonical_lowercase_uuid;test:ids::tests::revision_and_schema_revision_parse_canonical_shared_axis_values	test:ids::tests::rejects_noncanonical_text_and_invalid_uuid_generator_fields;test:rustdoc compile_fail SnapshotId does not implement PersistentId	DONE	Foreign values enter through validating constructors; SnapshotId cannot satisfy PersistentId. Published SchemaRevision membership remains a history-reader/writer check; follow-ups M1-17d, M3-14, and M7-13 remain scheduled.
WDB-TYP-002	HARD	Handles/Transactions/Snapshots sind nur bei expliziter Semantik klonbar.	M4-10	CF				PLANNED	
WDB-SCH-001	HARD	Es gibt genau eine projektweite Schemahistorie.	M2-03	SM,CT				PLANNED	
WDB-SCH-002	HARD	`SchemaMode::Historical` ist Default und nutzt SchemaAt(RecordedAsOf).	M2-03	DF				PLANNED	
WDB-SCH-003	HARD	Alle Schema-IDs, einschließlich PredicateId, EntityTypeId, EventKindId, EventRoleId, EventAttributeId und LayerId, bleiben über Active/Deprecated/Retired stabil.	M1-05	CT		test:schema::tests::lifecycle_updates_preserve_schema_ids_and_cannot_reactivate;test:schema::tests::event_kind_schema_captures_roles_attributes_and_time_constraints;test:schema::tests::decimal_precision_metadata_is_separate_from_numeric_identity	artifact:crates/worlddb-core/src/schema.rs revise_lifecycle retains stable typed IDs and rejects lifecycle regression	DONE	-
WDB-SCH-004	HARD	ResolutionPolicy ist Predicate-Semantik und historisiert.	M2-03	DF,CT				PLANNED	
WDB-SCH-005	HARD	PredicateDefinition enthält SubjectConstraint, ValueKind/ObjectConstraint, Cardinality, ResolutionPolicy, Constraints und Lifecycle.	M1-05	CT,ST		artifact:crates/worlddb-core/src/schema.rs PredicateDefinitionSpec and PredicateDefinition expose the required typed fields;test:schema::tests::predicate_constructor_checks_object_and_cardinality_policy_pairs	test:schema::tests::predicate_constraints_must_match_its_value_kind	DONE	-
WDB-SCH-006	HARD	Entity Object Constraint ist genau für Entity-Values zulässig und wird strukturell validiert.	M1-05	PT,FZ		test:schema::tests::predicate_constructor_checks_object_and_cardinality_policy_pairs accepts Entity with Exact EntityTypeId	test:schema::tests::predicate_constructor_checks_object_and_cardinality_policy_pairs rejects missing Entity and non-Entity object constraints	DONE	-
WDB-SCH-007	HARD	Single ist nur mit SingleValueReplace, Multi nur mit MultiValueOverlay/MultiValueReplace kompatibel.	M1-05	UT,FZ		test:schema::tests::predicate_constructor_checks_object_and_cardinality_policy_pairs accepts the full compatible matrix	test:schema::tests::predicate_constructor_checks_object_and_cardinality_policy_pairs rejects every incompatible matrix pair	DONE	-
WDB-SCH-008	HARD	Single verhindert nicht widersprüchliche Assertions; StructuralValidationError und ResolutionConflict bleiben getrennt.	M1-05	UT,DF	M2-08,M4-04a	test:schema::tests::single_cardinality_is_only_schema_resolution_policy;artifact:crates/worlddb-core/src/schema.rs PredicateDefinition stores no assertion count or conflict suppression	test:schema::tests::predicate_constructor_checks_object_and_cardinality_policy_pairs rejects structural schema mismatch	DONE	Runtime conflict result and assertion-write behavior remain follow-up evidence for M2-08 and M4-04a.
WDB-SCH-009	HARD	EventKindDefinition historisiert Rollen, Cardinalities, Attribute und Event-Time-Constraint vollständig.	M1-05	CT		test:schema::tests::event_kind_schema_captures_roles_attributes_and_time_constraints;artifact:crates/worlddb-core/src/schema.rs EventKindDefinition carries role, attribute, EventTime, lifecycle, and revision state	test:schema::tests::event_kind_schema_captures_roles_attributes_and_time_constraints rejects invalid role bounds and CalendarPeriod on InstantOnly	DONE	-
WDB-SCH-010	HARD	Deprecated Writes verlangen Opt-in, Capability und Warning; Retired verbietet neue Writes.	M4-04a	NI,E2E	M4-04c,M8-11a,M8-26d			PLANNED	
WDB-SCH-011	HARD	Schema und Daten sind atomar; Referenzen validieren gegen das Post-Transaction-Schema.	M4-05	SM,CR	M5-22			PLANNED	
WDB-SCH-012	HARD	SchemaDependencies werden am Commitpoint gegen den aktuellen Head revalidiert.	M4-07	SM,DF				PLANNED	
WDB-SCH-013	HARD	SchemaSnapshot ist derived/cacheable; Schemahistorie ist Wahrheit und Fingerprint ist kanonisch.	M2-03	DF,CT				PLANNED	
WDB-SCH-014	HARD	Schemaänderungen werden nach Auswirkung als kompatibel, restrictive oder breaking klassifiziert.	M7-01	CT				PLANNED	
WDB-SCH-015	HARD	Bedeutungsinkompatible Änderungen benötigen eine neue Schema-ID; reine additive/metadatenbezogene Änderungen nicht.	M7-01	CT,ST,DR				PLANNED	
WDB-SCH-016	HARD	Historical, Current und Explicit sind bewusste SchemaModes; keine stille Current-Coercion.	M2-03	DF,CT,ST				PLANNED	
WDB-SCH-017	HARD	Beschädigtes benötigtes Historical Schema scheitert explizit und fällt nicht auf Current zurück.	M2-03	PT,CR,NI,E2E	M3-15,M5-22,M8-26d			PLANNED	
WDB-EVT-001	HARD	Event und Assertion sind getrennte First-Class-Records.	M2-12a	UT,CF		test:wire_records::tests::all_implemented_records_match_fixed_golden_frames_and_round_trip (42 frame vectors);artifact:policy/record-wire-kinds.tsv;artifact:docs/M1-17c-verification.md		PLANNED	Event has a distinct closed top-level record kind and typed Record variant; relation and lifecycle payloads remain separate records.
WDB-EVT-002	HARD	Event erzeugt keine automatische Assertion/Inference.	M2-12a	DF				PLANNED	
WDB-EVT-003	HARD	EventMask cascadiert nicht automatisch zu Assertions.	M2-12b	UT				PLANNED	
WDB-EVT-004	HARD	Participants verwenden ausschließlich im EventKind erlaubte Rollen.	M2-12a	PT,FZ	M4-04a,M4-04c,M4-05			PLANNED	
WDB-EVT-005	HARD	Role Cardinality und Required-Rollen werden strukturell validiert.	M2-12a	PT,FZ	M4-04a,M4-04c,M4-05			PLANNED	
WDB-EVT-006	HARD	Participant-Reihenfolge ist bedeutungslos; identische Role/Entity-Paare sind unzulässige Duplikate.	M2-12a	PT,CT		test:events::tests::participants_are_canonical_unique_and_cardinality_checked	test:wire_records::tests::event_participant_and_attribute_arrays_reject_noncanonical_order	PLANNED	Participant pairs have a stable `(role_id, entity_id)` wire order; duplicate and descending array items are rejected.
WDB-EVT-007	HARD	EventKind-Schema bestimmt erlaubte/erforderliche Rollen, Attribute, Typen und Zeitconstraint.	M2-12a	CT,FZ	M4-04a,M4-04c,M4-05			PLANNED	
WDB-EVT-008	HARD	EventTime ist Instant oder halb-offener Span; offene Spans schließen nur durch EventSpanClosure.	M2-12a	PT,SM		test:wire_records::tests::all_implemented_records_match_fixed_golden_frames_and_round_trip (Instant, closed Span, open Span, and EventSpanClosure vectors);test:events::tests::event_kind_time_form_and_span_shape_are_enforced	test:wire_records::tests::event_time_decoder_rejects_unknown_forms_and_invalid_closed_spans;test:events::tests::event_span_closure_rejects_closed_targets_and_invalid_endpoints	PLANNED	EventTime wire forms remain distinct and half-open; closing an open span uses a separate EventSpanClosure record.
WDB-EVT-009	HARD	Gleiche WorldTime erzeugt keine implizite Eventordnung.	M2-12a	PT,DF				PLANNED	
WDB-EVT-010	HARD	Die Engine dedupliziert Events nicht automatisch.	M2-12a	SM,DF				PLANNED	
WDB-EVT-011	HARD	Witness impliziert kein Wissen; subjektive Erinnerung/Behauptung ist kein perspektivisches Event.	M2-12a	UT,DF				PLANNED	
WDB-EVT-012	HARD	Eventkorrektur erzeugt neuen Event plus Corrects und mutiert/retractet nicht implizit.	M2-12a	SM,DF	M2-15a,M2-15c,M4-05d,M8-14a			PLANNED	
WDB-EVT-013	HARD	EventMask ist keine Retraction, nimmt Wirkungen nicht zurück und cascadiert nicht.	M2-12b	UT,DF				PLANNED	
WDB-EVT-014	HARD	EventRelation ist ein eigener immutable Record mit Before/After/SameTime/Causes.	M2-13a	CF,CT		test:wire_records::tests::event_relations_normalize_after_canonicalize_same_time_and_reject_after_on_wire;artifact:policy/record-wire-kinds.tsv	test:wire_records::tests::event_relations_normalize_after_canonicalize_same_time_and_reject_after_on_wire (unknown/After code and self-edge rejected)	PLANNED	EventRelation has its own immutable record kind and closed persisted relation kinds; After is an input alias only.
WDB-EVT-015	HARD	Zeitwerte inferieren keine Eventrelation; Causes entsteht niemals aus zeitlicher Nähe.	M2-13b	UT,DF				PLANNED	
WDB-EVT-016	HARD	Event-Self-Relations sind unzulässig; SameTime wird symmetrisch kanonisiert.	M2-13a	PT,FZ		test:event_relations::tests::self_relations_are_rejected_for_every_input_kind	test:wire_records::tests::event_relations_normalize_after_canonicalize_same_time_and_reject_after_on_wire (self-edge wire rejection)	PLANNED	Decoder reconstruction rejects self-edges; SameTime endpoint canonicalization is checked by canonical re-encoding.
WDB-EVT-017	HARD	Der normalisierte Before-Graph und der separate Causes-Graph sind azyklisch; aktive Duplikatkanten sind unzulässig.	M2-13b	PT,SM				PLANNED	
WDB-EVT-018	HARD	EventRelation besitzt keine World-Time-Validity und wird nur durch konkreten Retraction-Record korrigiert.	M2-13a	SM,CT				PLANNED	
WDB-EVT-019	HARD	`After(A,B)` ist nur Eingabealias und wird vor Equality/Persistenz zu `Before(B,A)` normalisiert; After wird nicht persistiert.	M2-13a	PT,CT,FZ		test:wire_records::tests::event_relations_normalize_after_canonicalize_same_time_and_reject_after_on_wire (After becomes Before with reversed endpoints)	test:wire_records::tests::event_relations_normalize_after_canonicalize_same_time_and_reject_after_on_wire (no After wire code)	PLANNED	The event RecordKind stores only Before, SameTime, or Causes; the After input alias is normalized before persistence.
WDB-EVT-020	HARD	SameTime wird als geordnetes EventId-Paar kanonisiert und als Äquivalenzrelation ausgewertet, ohne transitive Records zu materialisieren.	M2-13a	PT,SM,DF		test:event_relations::tests::same_time_is_symmetric_and_canonically_ordered;test:wire_records::tests::event_relations_normalize_after_canonicalize_same_time_and_reject_after_on_wire	test:wire_records::tests::event_relations_normalize_after_canonicalize_same_time_and_reject_after_on_wire (reversed SameTime frame rejected)	PLANNED	SameTime is normalized to ascending EventId endpoints and an alternate reversed frame is noncanonical.
WDB-EVT-021	HARD	Duplikatprüfung verwendet ausschließlich den normalisierten Relation-Key und erfasst dadurch inverse Before/After-Duplikate.	M2-13a	PT,FZ				PLANNED	
WDB-EVT-022	HARD	Der Before-Graph ist nach SameTime-Komponentenkollaps azyklisch; Before innerhalb einer Komponente und SameTime über einen Before-Pfad sind Konflikte.	M2-13b	UT,PT,SM				PLANNED	
WDB-EVT-023	HARD	Causes ist zeitlich orthogonal, impliziert kein Before und besitzt nur seine separate Self-/Duplikat-/Zyklusprüfung, sofern Schema keinen strengeren Constraint setzt.	M2-13b	UT,DF,ST				PLANNED	
WDB-EPI-001	HARD	WorldState, Knows, Believes und Claims implizieren einander nicht automatisch.	M2-11	UT,DF				PLANNED	
WDB-EPI-002	HARD	Fehlendes Knows/Believes und negiertes Knows/Believes bleiben verschieden.	M2-11	UT				PLANNED	
WDB-EPI-003	HARD	PerspectiveId und PrincipalId sind nicht austauschbar.	M3-03	CF,NI				PLANNED	
WDB-SRC-001	HARD	Source ist ein eigener immutable Herkunftsrecord; ohne Evidence-Relation behauptet er nichts über einen Domain-Record.	M2-14	UT,DF				PLANNED	
WDB-SRC-002	HARD	Source-Felder werden vor Public-Ausgabe autorisiert; Auslassung und Fehlermapping leaken keine Source-Existenz.	M3-04	NI				PLANNED	
WDB-EVI-001	HARD	Evidence verändert Resolution nicht automatisch.	M2-14	DF				PLANNED	
WDB-PRV-001	HARD	Provenance ist erklärend und nicht imperativ/cascading.	M2-15a	DF				PLANNED	
WDB-EVI-002	HARD	Evidence ist projektweite immutable Meta-History ohne eigene World-Time-Validity.	M2-14	DF,CT				PLANNED	
WDB-EVI-003	HARD	RecordedAsOf filtert Evidence nach Erzeugungs-/Retraction-Revision.	M2-14	SM,DF				PLANNED	
WDB-EVI-004	HARD	base_revision beschneidet Targetsichtbarkeit, nicht die globale Evidence-History.	M2-14	DF,NI	M3-15			PLANNED	
WDB-EVI-005	HARD	Evidence wird nur ausgegeben, wenn Target und Sourcefelder autorisiert sichtbar sind.	M3-04	NI				PLANNED	
WDB-EVI-006	HARD	Evidence darf historische/retracted Targets dokumentieren, reaktiviert sie aber nicht.	M2-14	SM,DF				PLANNED	
WDB-EVI-007	HARD	Aktive Evidence-Duplikate gleichen Source/Target/Relation-Tupels sind unzulässig.	M2-14	PT,SM	M4-04c,M4-05			PLANNED	
WDB-PRV-002	HARD	Corrects bezeichnet Datenkorrektur, keine World-Time-Nachfolge, und retractet nicht automatisch.	M2-15a	SM,DF	M2-15c,M4-05d,M8-14a			PLANNED	
WDB-PRV-003	HARD	DerivedFrom bezeichnet informationelle Ableitung und keine Story-Kausalität.	M2-15a	UT,DF				PLANNED	
WDB-PRV-004	HARD	ResultedFrom bezeichnet fachliche Wirkung, keine logische Ableitung, und cascadiert nicht.	M2-15a	UT,DF				PLANNED	
WDB-PRV-005	HARD	Provenance ist projektweite Meta-History ohne ContextPrecedence oder Resolutionwirkung.	M2-15a	DF,CT				PLANNED	
WDB-PRV-006	HARD	Provenance-Self-Loops sind unzulässig.	M2-15a	PT,FZ				PLANNED	
WDB-PRV-007	HARD	Der gemeinsame Provenance-Abhängigkeitsgraph ist relationsintern und relationsübergreifend azyklisch.	M2-15b	PT,SM				PLANNED	
WDB-PRV-008	HARD	Aktive Provenance-Duplikate gleichen From/To/Relation-Tupels sind unzulässig.	M2-15a	PT,SM				PLANNED	
WDB-PRV-009	HARD	Graphvalidierung und Traversal sind bounded; unentscheidbare Insertprüfung scheitert fail-closed.	M2-15b	SM,PF	M6-10			PLANNED	
WDB-PRV-011	HARD	Dependency-Projektion ist Corrects(new,old): new→old; DerivedFrom(source,derived): derived→source; ResultedFrom(cause,effect): effect→cause.	M2-15b	UT,CT				PLANNED	
WDB-PRV-012	HARD	Gemischte Zyklen über Corrects, DerivedFrom und ResultedFrom werden abgewiesen.	M2-15b	PT,SM				PLANNED	
WDB-PRV-013	HARD	Zyklusvalidierung prüft den atomaren Post-Transaction-Zustand einschließlich aller Batchkanten.	M2-15b	SM	M4-04c,M4-05			PLANNED	
WDB-PRV-010	HARD	Meta-History-Security verwendet die Schnittmenge der Endpoint-/Feldrechte und leakt keine versteckten Kanten.	M3-04	NI				PLANNED	
WDB-LFC-001	HARD	Close Validity, Retraction, Archive und Purge sind getrennte Record-/Operationsverträge.	M2-05a	SM,DF				PLANNED	
WDB-LFC-002	HARD	Jeder Lifecycle-Record besitzt eine konkrete getypte ID und ist über RecordRef referenzierbar.	M1-14	CF,CT		test:record_refs::tests::every_record_ref_has_one_stable_unique_wire_tag_and_ledger_entry;test:record_refs::tests::unknown_record_ref_wire_tags_fail_closed	test:record_refs::tests::unknown_record_ref_wire_tags_fail_closed;test:record_refs::tests::all_record_ref_subset_conversions_match_the_closed_memberships;test:rustdoc compile_fail RecordRef::Other, operational refs, string refs, and schema-ref erasure	DONE	Every concrete lifecycle ID has its own RecordRef variant and fixed unique tag, including both retirements and ArchiveTransition.
WDB-MIG-001	HARD	Migration überschreibt keine committed History.	M7-05	SM,CR				PLANNED	
WDB-MIG-002	HARD	Restrictive/Breaking besitzen Dry Run.	M7-03	E2E				PLANNED	
WDB-MIG-003	HARD	Breaking verlangt Adminaktion und standardmäßig Restore Point.	M7-10a	NI,E2E				PLANNED	
WDB-MIG-004	HARD	Jeder Multi-Transaction-Zwischenstand ist gültig und historisch lesbar.	M7-05	SM,CR				PLANNED	
WDB-MIG-005	HARD	Storageformat- und Schema-Migration sind getrennte Protokolle.	M7-07	CT,E2E	M7-10b			PLANNED	
WDB-MIG-006	HARD	MigrationCategory ist exakt MetadataOnly, Additive, CompatibleConstraintChange, Restrictive oder Breaking.	M7-01	CF,CT				PLANNED	
WDB-MIG-007	HARD	MigrationPlan und MigrationRun sind getrennte Typen mit eigenen Identitäten.	M7-01	CF,CT,ST				PLANNED	
WDB-MIG-008	HARD	Plan enthält Source-Schema-Precondition, Target, Steps, Fingerprint, Transformer-Version und Budgets.	M7-01	CT,FZ				PLANNED	
WDB-MIG-009	HARD	Start und Resume weisen eine abweichende Source-Schema-Precondition zurück.	M7-06	SM,E2E	M7-10a			PLANNED	
WDB-MIG-010	HARD	Dry Run und Execution verwenden dieselbe Transformationslogik.	M7-05	DF	M7-10a			PLANNED	
WDB-MIG-011	HARD	Commit-Transformer sind deterministisch und verwenden weder Uhr, Zufall, Locale, Netzwerk noch AI.	M7-02	DF,ST				PLANNED	
WDB-MIG-012	HARD	AI-Vorschläge werden nur als versionierter kanonischer Plan committed; versteckte Coercions bleiben verboten.	M7-02	CT,E2E				PLANNED	
WDB-MIG-013	HARD	Warning, UnresolvedMigrationItem und Error sind getrennte Zustände.	M7-04	CF,CT,ST				PLANNED	
WDB-MIG-014	HARD	Restrictive/Breaking committen unresolved Items nur mit expliziter validierter Adminentscheidung.	M7-10a	NI,E2E				PLANNED	
WDB-MIG-015	HARD	Representation Migration ändert keine World-Time-Semantik; historische/retracted Records nur bei explizitem Plan.	M7-05	DF,CT				PLANNED	
WDB-MIG-016	HARD	Jeder Stepcommit ist eine normale OCC-Transaction.	M7-05	SM,CR				PLANNED	
WDB-MIG-017	HARD	MigrationId, StepId, RunId und OperationId besitzen getrennte Semantik.	M7-06	CF,CT				PLANNED	
WDB-MIG-018	HARD	Step-Resume klärt Unknown Outcome über OperationId und ist inputfingerprint-idempotent.	M7-06	CR,E2E				PLANNED	
WDB-MIG-019	HARD	Expand → Migrate → Contract ist Default und jeder Zwischenstand ist gültig.	M7-05	SM,CT				PLANNED	
WDB-MIG-020	HARD	Committed Migration-History wird nicht zurückgerollt.	M7-05	SM,CR				PLANNED	
WDB-MIG-021	HARD	Fachliche Rücknahme erfolgt als neue Compensating Migration.	M7-06	DF,E2E				PLANNED	
WDB-MIG-022	HARD	Migration Run Journal ist recoverbares Koordinationsmetadatum, nicht normative History.	M7-06	CT,CR				PLANNED	
WDB-MIG-023	HARD	Storage-Format-Migration bleibt vom fachlichen Migrationsprotokoll getrennt.	M7-07	CT,E2E	M7-10b			PLANNED	
WDB-TX-001	HARD	Commit konsumiert eine validierte Transaktion genau einmal.	M4-03	SM,CF				PLANNED	
WDB-TX-002	HARD	Drop führt weder Commit noch persistente Reparatur aus.	M4-03	UT,CR	M5-22			PLANNED	
WDB-TX-003	HARD	Schema, Daten, Event, Assertion und Provenance können atomar committed werden.	M4-05	SM,CR	M5-22			PLANNED	
WDB-TX-004	HARD	OperationId dedupliziert einen logischen Commitversuch persistent.	M4-09	CR,E2E	M5-12,M5-22,M8-26d			PLANNED	
WDB-TX-005	HARD	Gleiche OperationId mit abweichendem Payload wird abgelehnt.	M4-09	UT,CR	M5-12,M5-22			PLANNED	
WDB-TX-006	HARD	Commitantwort wird erst nach durablem Commitpoint erzeugt.	M5-04	CR	M5-12,M5-22			PLANNED	
WDB-OCC-001	HARD	Write/Write- und relevante Write/Read-Konflikte werden erkannt.	M4-06	SM,DF				PLANNED	
WDB-OCC-002	HARD	Range-/Predicate-Dependencies erkennen Phantoms.	M4-07	SM,DF				PLANNED	
WDB-OCC-003	HARD	TransactionConflict ist erwartbares Outcome, kein Storagefehler.	M4-08	CT				PLANNED	
WDB-OCC-004	HARD	Auto-Retry gilt nur für ReplaySafe ohne externe Side Effects und ist begrenzt.	M4-08	SM				PLANNED	
WDB-OCC-005	HARD	UnknownCommitOutcome wird vor Retry über OperationId geklärt.	M4-09	CR,E2E	M5-22,M8-26d			PLANNED	
WDB-SNP-001	HARD	Snapshot pinnt Daten, Schema, HistorySpace, LayerSelection samt historischen LayerDefinitionen und Securitymodus gemeinsam.	M4-10	SM				PLANNED	
WDB-SNP-002	HARD	Snapshot bewegt sich nie still auf eine neue Revision.	M4-10	DF				PLANNED	
WDB-SNP-003	HARD	Gepinnte Segmente werden nicht reclaimed.	M4-10	CR,PF	M5-15,M5-22,M7-08,M7-11			PLANNED	
WDB-SNP-004	HARD	Öffentliche Queryresultate borgen nicht aus Lock oder Memory Map.	M3-09	CF				PLANNED	
WDB-STO-001	HARD	Backend publiziert höchstens eine neue Revision atomar.	M5-01	SM,CT,CR				PLANNED	
WDB-STO-002	HARD	Engine- und Backendgarantien sind getrennt und testbar.	M5-01	CT				PLANNED	
WDB-STO-003	HARD	Produktionscommit verlangt Machine-Durability.	M5-01	CR				PLANNED	
WDB-STO-004	HARD	SegmentId ist eine zufällige stabile Identität ohne Content-Semantik.	M5-06	PT,CT	M5-16			PLANNED	
WDB-STO-005	HARD	ContentDigest hasht kanonische Segmentbytes getrennt von SegmentId.	M5-06	PT,CT,FZ	M5-16			PLANNED	
WDB-STO-006	HARD	Manifest, Backup und Recovery verifizieren SegmentId und ContentDigest getrennt.	M5-16	CR,E2E	M7-08,M7-10,M8-26d			PLANNED	
WDB-WIR-001	HARD	Persistentes Format ist explizit versioniert und serde-implementierungsunabhängig.	M1-16	CT		test:wire::tests::frame_round_trip_preserves_optional_flags_and_payload;test:independent_decoder_and_production_decoder_agree_on_golden_frames;test:wire_records::tests::all_implemented_records_match_fixed_golden_frames_and_round_trip;test:independent_frame_and_tlv_oracle_accepts_every_schema_project_golden;artifact:docs/M1-16-verification.md;artifact:docs/M1-17a-verification.md;artifact:policy/record-wire-kinds.tsv;test:wire_records::tests::all_implemented_records_match_fixed_golden_frames_and_round_trip (42 frame vectors);test:independent_frame_and_tlv_oracle_accepts_every_schema_project_golden;artifact:crates/worlddb-core/tests/data/record-v1.0-golden.tsv;artifact:docs/M1-17b-verification.md;artifact:docs/M1-17c-verification.md;test:wire_records::tests::all_implemented_records_match_fixed_golden_frames_and_round_trip (47 vectors across 35 kinds);artifact:policy/audit-wire-kinds.tsv;artifact:policy/audit-wire-values.tsv;test:audit_wire::tests::audit_frames_match_fixed_golden_vectors_and_round_trip (3 frames);test:independent_frame_and_tlv_oracle_accepts_every_separate_audit_golden	test:wire::tests::frame_rejects_tampered_payload_and_unknown_required_flags;test:wire_records::tests::unknown_record_kinds_and_closed_record_fields_are_rejected;test:wire_records::tests::unknown_record_kinds_and_closed_record_fields_are_rejected;test:wire_records::tests::mask_selector_rejects_unknown_tags_and_invalid_nested_polarity	DONE	All 47 record golden frames across 35 registered kinds and 3 separate audit frames across 2 audit kinds are canonical and pass production roundtrips plus the independent oracle; frame optional-bit behavior remains covered.
WDB-WIR-002	HARD	Varints, Felder und Decimal sind kanonisch; alternative Encodings werden abgewiesen.	M1-16	PT,FZ		test:wire::tests::all_value_families_round_trip_canonically;test:all_ten_scalar_encodings_match_fixed_golden_vectors;test:wire_records::tests::every_closed_value_constraint_variant_has_a_canonical_nested_round_trip;artifact:crates/worlddb-core/tests/data/wire-v1.0-golden.tsv;artifact:crates/worlddb-core/tests/data/record-v1.0-golden.tsv;test:wire_records::tests::assertion_mask_boundary_and_archive_record_refs_match_fixed_golden_vectors (17 refs);artifact:crates/worlddb-core/tests/data/record-ref-v1.0-golden.tsv;test:wire_records::tests::domain_record_refs_match_fixed_golden_vectors (all 24 variants);test:wire_records::tests::every_record_ref_roundtrips_and_unknown_noncanonical_or_malformed_refs_are_rejected	test:wire::tests::tlv_fields_are_strictly_sorted_and_lengths_are_minimal;test:wire::tests::unknown_values_and_noncanonical_booleans_or_decimals_fail_closed;test:independent_oracle_rejects_malleable_tlv_and_value_tags;test:wire_records::tests::malformed_arrays_and_unknown_nested_constraint_codes_are_rejected;test:wire_records::tests::semantically_valid_but_noncanonical_sets_are_rejected;test:wire_records::tests::deferred_unknown_noncanonical_and_malformed_record_refs_are_rejected;test:wire_records::tests::semantically_valid_but_noncanonical_sets_are_rejected;test:wire_records::tests::every_record_ref_roundtrips_and_unknown_noncanonical_or_malformed_refs_are_rejected	DONE	Nonminimal varints, duplicate/descending fields, noncanonical Decimal/sets/RecordRef tags, and unknown core/record/nested tags or fields are rejected; decoder budgets remain M1-18.
WDB-WIR-003	HARD	Decoder prüft Limits und Overflows vor Allokation/Cast.	M1-18	FZ,PF	M9-04a	artifact:crates/worlddb-core/src/wire.rs;artifact:crates/worlddb-core/src/wire_records.rs;artifact:crates/worlddb-core/src/audit_wire.rs;artifact:bindings/typescript/src/transport.ts;artifact:bindings/typescript/test/transport_fuzz.ts;run:M1-18-574f524c44444231-1790715056;run:M1-18-574f524c44444232-1790718684;run:M1-18-ts-574f524c44444232-1790722644;artifact:docs/M1-18-fuzz-typescript.json	test:wire::tests::decoder_limits_reject_large_frames_and_owned_values_before_copy;test:wire_records::tests::decoder_frame_field_array_depth_and_batch_budgets_fail_closed;test:audit_wire::tests::audit_decoders_enforce_frame_field_value_and_depth_budgets;test:Bytes enforce the 16 MiB resource policy before encoding or allocation;test:JSON envelopes enforce the 64 MiB UTF-8 frame limit;test:JSON preflight bounds parser structure before JSON.parse;run:M1-18-574f524c44444231-1790715056;run:M1-18-574f524c44444232-1790718684;run:M1-18-ts-574f524c44444232-1790722644	WAITING_EXTERNAL	Rust and TypeScript budget cases and campaigns pass locally with zero crashes; all 76 inventory targets are represented. The M1-18 source-commit binding remains open until the user's deferred Git integration.
WDB-WIR-004	HARD	TypeScript transportiert i128/u128/Decimal/Revision verlustfrei als Strings.	M1-19	PT,E2E	M8-26d	test:versioned scalar envelopes match every fixed JSON golden and round-trip exactly;artifact:bindings/typescript/test/data/transport-v1.0-golden.tsv	test:i128, u128, and Revision reject noncanonical or out-of-range strings;test:Decimal text preserves normalized coefficient, sign, and scale without floats;test:UUID and Base64url text are canonical and preserve exact bytes;test:Bytes enforce the 16 MiB resource policy before encoding or allocation;test:closed envelopes reject duplicates, unknown fields, and unsupported versions	DONE	Exact 1.0 JSON scalars are covered by fixed vectors and isolated TypeScript roundtrips; desktop IPC remains in M8.
WDB-WIR-005	HARD	Semantische Hard-Limits, Defaultprofile und provisorische Performancegates sind getrennt klassifiziert.	M1-18	ST	M6-14c	artifact:crates/worlddb-core/src/wire.rs;test:wire::tests::all_value_families_round_trip_canonically	test:wire::tests::decoder_limits_reject_large_frames_and_owned_values_before_copy;test:wire_records::tests::decoder_frame_field_array_depth_and_batch_budgets_fail_closed	WAITING_EXTERNAL	Decoder defaults are explicitly configurable implementation policy separate from wire semantics; local default and restrictive-budget cases and the M1-18 campaigns pass. Source-commit binding remains open until the user's deferred Git integration; process-budget measurements remain M6-14c.
WDB-WAL-001	HARD	Commitmarker wird erst nach synchronisiertem Prepare geschrieben.	M5-04	CR	M5-12,M5-22			PLANNED	
WDB-WAL-002	HARD	Zweiter WAL-Sync ist Commitpoint.	M5-04	CR	M5-12,M5-22			PLANNED	
WDB-WAL-003	HARD	Manifest referenziert nie Daten oberhalb des sicheren WAL-Präfix.	M5-07	SM,CR				PLANNED	
WDB-WAL-004	HARD	Historysegmente sind immutable.	M5-06	CT,ST	M5-12			PLANNED	
WDB-WAL-005	HARD	Publication berücksichtigt Datei- und Verzeichnissync pro Plattform.	M5-07	CR				PLANNED	
WDB-REC-001	HARD	Recovery macht nur vollständig verifizierten committed Präfix sichtbar.	M5-11	FZ,CR				PLANNED	
WDB-REC-002	HARD	Uncommitted Tail wird niemals als Commit interpretiert.	M5-11	CR				PLANNED	
WDB-REC-003	HARD	Korruption im sicheren Bereich wird nicht automatisch repariert.	M5-13	PT,CR,E2E	M8-26d			PLANNED	
WDB-REC-004	HARD	Recovery ist über wiederholte Abstürze idempotent.	M5-12	CR,ST				PLANNED	
WDB-REC-005	HARD	Salvage überschreibt nie das Original und berichtet Verluste.	M5-14	E2E	M8-26d			PLANNED	
WDB-BKP-001	HARD	ExactDatabaseBackup enthält alle für den Daten-/Schemasnapshot erforderlichen Bytes und History.	M7-08	DF,CR,ST	M7-10			PLANNED	
WDB-BKP-002	HARD	Backup gilt erst nach Ziel-Verify als erfolgreich.	M7-08	PT,CR,ST	M7-10			PLANNED	
WDB-BKP-003	HARD	Restore publiziert nur in ein leeres Ziel und erst nach Recovery/Verify.	M7-10	CR,E2E				PLANNED	
WDB-BKP-004	HARD	Backup-Digest beweist Integrität; Authentizität benötigt separat MAC oder Signatur.	M7-08	CT,ST				PLANNED	
WDB-BKP-005	HARD	ExactDatabaseBackup und AuditCompleteBackup sind getrennte Profile; fehlende Auditdaten werden ausdrücklich als `audit_scope=Excluded` manifestiert.	M7-09	DF,CT,CR,ST				PLANNED	
WDB-EXP-001	HARD	Logical Export manifestiert Scope und ausgelassene Datenklassen.	M7-11	CT				PLANNED	
WDB-EXP-002	HARD	Import remappt IDs nur über expliziten protokollierten Plan.	M7-13	PT,E2E				PLANNED	
WDB-PRG-001	HARD	Purge 1.0 ist Offline-Rewrite, kein In-place-History-Umschreiben.	M7-14	CT,E2E				PLANNED	
WDB-PRG-002	HARD	Secure Erase wird für SSD/COW/Backups nicht behauptet.	M7-15	ST				PLANNED	
WDB-API-001	HARD	Streamende ist `None`; Konstruktion-, Item-, Cancel- und Budgetfehler sind getrennt.	M3-08	UT				PLANNED	
WDB-API-002	HARD	Paginationcursor bindet Snapshot und Queryhash.	M3-10a	PT,E2E	M8-26d			PLANNED	
WDB-API-003	HARD	Ungeordnete Resultate erhalten kanonische Ordnung.	M3-09	PT,CT				PLANNED	
WDB-API-004	HARD	Unvollständige Aggregation wird nie als vollständig markiert.	M3-11	E2E,PF	M6-11,M8-26d			PLANNED	
WDB-API-005	HARD	Cursor bindet Snapshot, QueryHash und EngineSession und verfällt beim Engine-Neustart.	M3-10a	E2E,ST	M8-26d			PLANNED	
WDB-API-006	HARD	Cursorwire enthält ausschließlich public-safe Daten; sensitiver Payload bleibt im bounded Session-State.	M3-10a	FZ,NI				PLANNED	
WDB-API-007	HARD	Cursor bindet Principal, effektive Capabilities, SecurityEpoch, Snapshot, QueryHash, Session und Expiry.	M3-10b	NI,E2E	M8-26d			PLANNED	
WDB-API-008	HARD	AuthorizationNow und SecurityEpoch werden vor jeder Seite neu geprüft; relevante Änderung invalidiert den Cursor.	M3-10b	SM,NI				PLANNED	
WDB-API-009	HARD	Öffentliche Cursorfehler vereinheitlichen unbekannt, abgelaufen, manipuliert und security-invalidiert, wenn Differenzierung leaken würde.	M3-10b	NI				PLANNED	
WDB-SEC-001	HARD	Perspective ist kein Security Principal.	M3-03	CF,NI				PLANNED	
WDB-SEC-002	HARD	Authorization erfolgt vor Redaction und Resolution.	M3-04	NI				PLANNED	
WDB-SEC-003	HARD	Unsichtbare Records beeinflussen öffentliche Shape/Codes/Counts/Explain nicht.	M3-06	NI	M3-15,M6-13			PLANNED	
WDB-SEC-004	HARD	Graphsuche exponiert weder versteckte Knoten noch versteckte Kantenzahlen.	M3-11	NI	M3-15,M6-10,M6-13			PLANNED	
WDB-SEC-005	HARD	Historical Permission Mode ist explizit; Default ist AuthorizationNow.	M3-05	NI	M5-06a,M5-12,M5-22			PLANNED	
WDB-ERR-001	HARD	`Display`, `Debug`, `Hash`, `Eq`, `Ord`, `Drop` haben keine fachlichen Side Effects.	M3-02	UT,ST				PLANNED	
WDB-ERR-002	HARD	Öffentliche Errors enthalten stabile Codes und keine geheimen Ursachen.	M3-02	CT,NI				PLANNED	
WDB-ERR-003	HARD	`source()` erhält interne Ursachen ohne sie öffentlich zu serialisieren.	M3-02	UT				PLANNED	
WDB-ERR-004	HARD	`Debug` öffentlicher/operativer Errors respektiert dieselbe Leak-Grenze wie `Display`.	M3-02	CT,NI				PLANNED	
WDB-ERR-005	HARD	Security-, Recovery-, Retry- und Public-API-Mappings sind exhaustive und besitzen keinen semantischen Catch-all.	M3-02	CF,CT,ST				PLANNED	
WDB-ERR-006	HARD	Niedrige Errors enthalten Error Facts; SuggestedAction/RecoveryPolicy wird an höherer Boundary entschieden.	M3-02	CT,ST				PLANNED	
WDB-OBS-001	HARD	Telemetriefehler blockieren keine Domainoperation.	M3-12	ST				PLANNED	
WDB-OBS-002	HARD	Logs enthalten standardmäßig keine Values, Querytexte, Pfade oder Principalnamen.	M3-12	PT,NI				PLANNED	
WDB-OBS-003	HARD	Kein Sync-/Span-Guard wird über `.await` gehalten.	M3-12	ST				PLANNED	
WDB-OBS-004	HARD	Nicht klassifizierte Diagnosewerte sind `Omitted`; `Shown` und `Hashed` sind opt-in.	M3-12	PT,NI				PLANNED	
WDB-AUD-001	HARD	Durable-Audit-Policyaktionen sind fail-closed.	M3-13	CR	M5-22			PLANNED	
WDB-AUD-002	HARD	Audit und Telemetrie besitzen getrennte Retention und Berechtigungen.	M3-13	E2E	M8-26d			PLANNED	
WDB-AUD-003	HARD	Auditpflichtige Domain Action und Required Audit Record erreichen atomar denselben Commitpoint.	M5-17	CR,E2E	M5-22,M7-10,M7-10a,M7-12,M7-15,M8-26d			PLANNED	
WDB-AUD-004	HARD	Reines Raw-Read-Audit verwendet eigene AuditSequence/WAL und erzeugt keine WorldDB-Datenrevision.	M5-18	CT,CR				PLANNED	
WDB-AUD-005	HARD	Vor jeder Raw-Read-Seitenausgabe ist RawReadAttempt durable; Auditfehler blockiert Ausgabe.	M5-18	CR,E2E	M8-26d			PLANNED	
WDB-AUD-006	HARD	RawReadAttempt bindet Principal, Scope, Snapshot, SecurityEpoch und PageOrdinal ohne sensitive Nutzdaten.	M5-18	CT,NI				PLANNED	
WDB-AUD-007	HARD	Retries besitzen neue AuditOperationId, behalten ClientRequestId und bleiben als Mehrfachversuche sichtbar.	M5-18	SM,CR				PLANNED	
WDB-AUD-008	HARD	Auditwriter ist serialisiert, hält keinen Datenwriter über I/O und wird vor Raw-Reads recovered.	M5-19	SM,CR				PLANNED	
WDB-AUD-009	HARD	Korruption im committed Auditpräfix sperrt auditpflichtige Operationen und wird nicht automatisch repariert.	M5-19	PT,CR,E2E	M8-26d			PLANNED	
WDB-AUD-010	HARD	Nur AuditCompleteBackup enthält und verifiziert Auditlog, Auditmanifest und deklarierte audit_safe_sequence.	M7-09	DF,CR,E2E,ST				PLANNED	
WDB-AUD-011	HARD	Audit-Retention und -Zugriff sind policy-versioniert, separat autorisiert und selbst auditiert.	M5-19	NI,E2E	M8-26d			PLANNED	
WDB-AUD-012	HARD	audit_safe_sequence ist vom WorldDB-safe_revision unabhängig; Raw-Read-Audit erzeugt keine künstliche Datenrevision.	M7-09	SM,DF,CR,ST				PLANNED	
WDB-AUD-013	HARD	Restore eines AuditCompleteBackup recovered Daten- und Auditnamespace separat und gibt Auditoperationen erst nach verifizierter Auditlineage frei.	M7-10	CR,E2E				PLANNED	
WDB-CON-001	HARD	Genau ein Writer publiziert; N Reader lesen gepinnte Snapshots.	M4-02	SM,ST				PLANNED	
WDB-CON-002	HARD	Kein Lockguard wird über I/O, Callback, IPC oder await gehalten.	M4-13	SM,ST				PLANNED	
WDB-CON-003	HARD	Queues und Pools besitzen harte Grenzen und Backpressure.	M4-11	PF	M9-05			PLANNED	
WDB-CON-004	HARD	Cancellation nach Commitpoint macht Commit nicht teilweise rückgängig.	M4-12	CR,E2E	M5-22,M8-26d			PLANNED	
WDB-OWN-001	HARD	Shared Handles werden mit `Arc::clone`/`Rc::clone` von kopierten Fachwerten unterscheidbar gemacht.	M4-02	ST				PLANNED	
WDB-OWN-002	HARD	Clone, `'static` und Taskownership dürfen keine ungeklärte Ownership kaschieren.	M4-13	CF,CT,ST				PLANNED	
WDB-OWN-003	HARD	Borrowed-to-Owned-Konversionen bleiben an Boundaries sichtbar.	M4-13	ST				PLANNED	
WDB-IDX-001	HARD	Indexresultate sind differential gleich zum Full-Scan-Orakel.	M6-13	DF				PLANNED	
WDB-IDX-002	HARD	Staler/fehlender Index liefert nie still unvollständige Daten.	M6-01	DF				PLANNED	
WDB-IDX-003	HARD	Indexgeneration wird atomar vollständig publiziert.	M6-07	CR				PLANNED	
WDB-PER-001	GUARDED	Performanceoptimierung benötigt reproduzierbare Messung.	M6-14c	PF,ST				PLANNED	
WDB-ENG-001	HARD	Core hängt nicht von UI, konkretem Storage oder Observability-Adapter ab.	M9-13b	CR,ST				PLANNED	
WDB-ENG-002	HARD	Core-Domainerrors verwenden keine universelle Error-Erasure.	M3-01	ST				PLANNED	
WDB-ENG-003	HARD	Produktionspfade paniken nicht auf falliblen Fremddaten.	M3-14	FZ,ST				PLANNED	
WDB-ENG-004	HARD	`unsafe` ist außerhalb des genehmigten Plattformadapters verboten.	M0-11	ST	M9-13b	artifact:docs/architecture/M0-11-lint-policy.md;test:cargo clippy --locked --workspace --all-targets -- -D warnings;test:tools/check_unsafe_policy.py;test:tools/check_workspace_lints.py	test:test_lint_policy.UnsafeBoundaryPolicyTests.test_unapproved_unsafe_makes_the_verify_step_fail;test:test_unsafe_policy.UnsafePolicyTests.test_forbidden_unsafe_code_fails_rustc;test:test_lint_policy.UnsafeBoundaryPolicyTests.test_adapter_unsafe_requires_exception_safety_test_and_review_labels	DONE	Nur der Plattformadapter darf nach WDB-EXC-Freigabe Unsafe enthalten; aktuell gibt es keinen Unsafe-Code.
WDB-ENG-005	HARD	Der kanonische Verify-Pfad ist lokal und in CI identisch.	M0-14	NI,ST	M9-13b			PLANNED	
WDB-ENG-006	GUARDED	Lokale Lint-Ausnahme besitzt ID, Owner, Grund und Ablaufdatum.	M0-11	ST	M9-13b	artifact:policy/exceptions.tsv;test:tools/check_exceptions.py	test:test_lint_policy.ExceptionPolicyTests.test_expired_exception_makes_the_verify_step_fail;test:test_lint_policy.ExceptionPolicyTests.test_unregistered_or_reasonless_local_allow_fails	DONE	Register prüft ID, Owner, Grund und Ablaufdatum; es sind derzeit keine lokalen Ausnahmen aktiv.
WDB-ENG-007	HARD	Crates werden nur nach bestandenem Boundary-Gate extrahiert; der Repositorybaum ist Zielhypothese.	M0-09	CR,ST	M9-13b	artifact:docs/architecture/M0-09-boundary-gate.md;test:test_crate_graph.CrateGraphPolicyTests.test_initial_workspace_graph_is_allowed	test:test_crate_graph.CrateGraphPolicyTests.test_core_cannot_depend_on_file_storage;test:test_crate_graph.CrateGraphPolicyTests.test_unreviewed_external_dependency_is_rejected;test:test_crate_graph.CrateGraphPolicyTests.test_unapproved_crate_extraction_is_rejected	DONE	Der reale Startgraph ist geprüft; weitere Crate-Extraktionen brauchen ein eigenes Boundary-Gate.
WDB-DEP-001	HARD	Releasebuilds verwenden Lockfile und genehmigte Sources/Lizenzen.	M9-09	ST		artifact:docs/architecture/M0-12-dependency-policy.md;artifact:.cargo/deny.toml;test:cargo-deny check all	test:test_dependency_policy.CargoDenyNegativeTests.test_banned_dependency_makes_cargo_deny_fail;test:test_dependency_policy.CargoDenyNegativeTests.test_external_default_features_require_explicit_review	PLANNED	M0-12 aktiviert die Policy; tatsächlicher Releasebuild und SBOM-Nachweis bleiben M9-09.
WDB-DEP-002	HARD	Dependencytypen leaken nicht unabsichtlich in stabile Public API.	M8-01	ST		artifact:tools/check_dependency_policy.py;test:test_dependency_policy.CoreErrorErasureTests.test_typed_domain_error_is_allowed	test:test_dependency_policy.CoreErrorErasureTests.test_boxed_dynamic_error_in_core_is_rejected	PLANNED	Core-Error-Erasure wird in M0-12 geprüft; der stabile Public-API-Diff folgt M8-01.
WDB-EXT-001	HARD	1.0 führt keinen untrusted Extensioncode in-process aus.	M7-13a	NI,E2E				PLANNED	
WDB-DES-001	HARD	Desktopfrontend kann Storage/Dateisystem nicht außerhalb versionierter IPC umgehen.	M8-09	NI,E2E				PLANNED	Normative location corrected to ADR-018 by ADR-039.
WDB-DES-002	HARD	Core lauscht standardmäßig auf keinem Netzwerkport.	M8-09	E2E				PLANNED	Normative location corrected to ADR-018 by ADR-039.
