family	code	value
action	1	SecurityPolicyChange
action	2	RawReadAttempt
action	3	ExportAuthorization
action	4	ExportCompletion
action	5	Migration
action	6	Backup
action	7	RestorePublication
action	8	PurgePublication
action	9	AuditConfigurationChange
object_class	1	Database
object_class	2	SecurityPolicy
object_class	3	Migration
object_class	4	Job
object_class	5	Backup
object_class	6	Export
object_class	7	RawReadScope
object_class	8	AuditConfiguration
outcome	1	Succeeded
outcome	2	Denied
outcome	3	Failed
outcome	4	Indeterminate
commit_context	1	NotCommitted
commit_context	2	Committed
