decoder_id	family	seed_id
record.history_space_definition	record	record/history_space_root
record.entity	record	record/entity
record.entity_retirement	record	record/entity_retirement
record.perspective_definition_revision	record	record/perspective_definition
record.perspective_retirement	record	record/perspective_retirement
record.layer_definition	record	record/layer_definition
record.layer_schema_snapshot	record	record/layer_schema_snapshot
record.entity_type_definition	record	record/entity_type_definition
record.predicate_definition	record	record/predicate_definition
record.event_kind_definition	record	record/event_kind_definition
record.timeline_definition	record	record/timeline_definition
record.time_unit_definition	record	record/time_unit_definition
record.migration_plan	record	record/migration_plan
record.migration_run	record	record/migration_run
record.migration_step_commit_identity	record	record/migration_step_commit
record.assertion	record	record/assertion_positive
record.assertion_validity_closure	record	record/assertion_validity_closure
record.assertion_retraction	record	record/assertion_retraction
record.mask	record	record/mask_exact_assertion
record.mask_validity_closure	record	record/mask_validity_closure
record.mask_retraction	record	record/mask_retraction
record.replacement_boundary	record	record/replacement_boundary_bounded
record.replacement_boundary_validity_closure	record	record/replacement_boundary_validity_closure
record.replacement_boundary_retraction	record	record/replacement_boundary_retraction
record.archive_transition	record	record/archive_transition_archive
record.event	record	record/event_instant
record.event_mask	record	record/event_mask
record.event_span_closure	record	record/event_span_closure
record.event_retraction	record	record/event_retraction
record.event_mask_retraction	record	record/event_mask_retraction
record.event_relation	record	record/event_relation_before
record.event_relation_retraction	record	record/event_relation_retraction
record.source	record	record/source_metadata
record.evidence	record	record/evidence_assertion_supports
record.provenance	record	record/provenance_source_to_assertion
record.evidence_retraction	record	record/evidence_retraction
record.provenance_retraction	record	record/provenance_retraction
record_ref.assertion	record_ref	record_ref/assertion
record_ref.mask	record_ref	record_ref/mask
record_ref.replacement_boundary	record_ref	record_ref/replacement_boundary
record_ref.event	record_ref	record_ref/event
record_ref.event_mask	record_ref	record_ref/event_mask
record_ref.event_relation	record_ref	record_ref/event_relation
record_ref.source	record_ref	record_ref/source
record_ref.evidence	record_ref	record_ref/evidence
record_ref.provenance	record_ref	record_ref/provenance
record_ref.assertion_validity_closure	record_ref	record_ref/assertion_validity_closure
record_ref.assertion_retraction	record_ref	record_ref/assertion_retraction
record_ref.mask_validity_closure	record_ref	record_ref/mask_validity_closure
record_ref.mask_retraction	record_ref	record_ref/mask_retraction
record_ref.replacement_boundary_validity_closure	record_ref	record_ref/replacement_boundary_validity_closure
record_ref.replacement_boundary_retraction	record_ref	record_ref/replacement_boundary_retraction
record_ref.event_span_closure	record_ref	record_ref/event_span_closure
record_ref.event_retraction	record_ref	record_ref/event_retraction
record_ref.event_mask_retraction	record_ref	record_ref/event_mask_retraction
record_ref.event_relation_retraction	record_ref	record_ref/event_relation_retraction
record_ref.evidence_retraction	record_ref	record_ref/evidence_retraction
record_ref.provenance_retraction	record_ref	record_ref/provenance_retraction
record_ref.entity_retirement	record_ref	record_ref/entity_retirement
record_ref.perspective_retirement	record_ref	record_ref/perspective_retirement
record_ref.archive_transition	record_ref	record_ref/archive_transition
frame.empty-kind-01020304	frame	frame/frame-empty-kind-01020304
frame.record-kind-1-optional-2	frame	frame/frame-record-kind-1-optional-2
value.bool-true	value	value/value-bool-true
value.int-minus-one	value	value/value-int-minus-one
value.uint-128	value	value/value-uint-128
value.decimal-one	value	value/value-decimal-one
value.string-e-acute	value	value/value-string-e-acute
value.symbol-hour-1	value	value/value-symbol-hour-1
value.entity-1	value	value/value-entity-1
value.time-minus-one-hour-1	value	value/value-time-minus-one-hour-1
value.duration-minus-one-ns	value	value/value-duration-minus-one-ns
value.bytes-00ff	value	value/value-bytes-00ff
tlv.fields	tlv	record/entity
record_batch.one	batch	record/entity
audit.audit_record	audit_record	audit/audit_record_committed
audit.raw_read_attempt	raw_read_attempt	audit/raw_read_attempt_page_zero
typescript.json_envelope	typescript	typescript/transport-v1.0-golden
record.transfer_lineage	record	record/transfer_lineage
record_ref.transfer_lineage	record_ref	record_ref/transfer_lineage
