name	version	source	boundary_benefit	maintainer_release_review	license_review	advisory_review	transitive_external_nodes	msrv_review	unsafe_review	build_procmacro_review	default_feature_review	feature_review	exit_plan	update_owner	reviewed_on
arrayvec	0.7.8	registry+https://github.com/rust-lang/crates.io-index	Transitive fixed-capacity collection support used by BLAKE3; no direct WorldDB API surface.	Pinned in Cargo.lock; crates.io metadata and locked dependency graph reviewed 2026-09-29.	Declared SPDX expression: MIT OR Apache-2.0; cargo-deny 0.20.2 review recorded for the locked graph.	cargo-deny 0.20.2 check all: passed on 2026-09-29.	0	Declared Rust MSRV 1.51; not above workspace MSRV 1.85.0.	Transitive only; WorldDB does not call this crate directly and reaches it through BLAKE3.	none	Features inspected in the locked all-target tree; no direct WorldDB feature selection.	Only the collection support selected by the reviewed BLAKE3 dependency graph.	Remove through a reviewed parent dependency update; rerun MSRV, license, advisory, and feature checks.	Luna	2026-09-29
blake3	1.8.7	registry+https://github.com/rust-lang/crates.io-index	Direct core dependency implementing the contract-required BLAKE3 frame checksum; no authenticity claim.	Pinned in Cargo.lock; crates.io metadata and locked dependency graph reviewed 2026-09-29.	Declared SPDX expression: CC0-1.0 OR Apache-2.0 OR Apache-2.0 WITH LLVM-exception; cargo-deny accepted the reviewed alternative.	cargo-deny 0.20.2 check all: passed on 2026-09-29.	8	Edition 2024 implies Rust 1.85 or newer; verified against workspace MSRV 1.85.0; no upstream rust-version is declared.	WorldDB calls only the safe hash API; upstream internal optimized routines remain behind the safe crate interface.	reviewed: pinned build.rs selects target-specific implementation support through cc; exact maintainer-script paths are bypassed in .cargo/deny.toml.	Direct version is exact-pinned and default-features=false; cargo tree confirms std, rayon, mmap, and zeroize are not enabled.	Only core hashing API; no std, rayon, mmap, traits-preview, or zeroize feature selection.	Replace only with a reviewed implementation that preserves BLAKE3 output and all fixed checksum vectors.	Luna	2026-09-29
bumpalo	3.20.3	registry+https://github.com/rust-lang/crates.io-index	Transitive target/runtime support of the reviewed uuid/getrandom graph; no direct WorldDB API surface.	Pinned in Cargo.lock; crates.io metadata and locked graph reviewed 2026-09-29.	Declared SPDX expression: MIT OR Apache-2.0; cargo-deny 0.20.2 review recorded for the locked graph.	cargo-deny 0.20.2 check all: passed on 2026-09-29.	0	Declared Rust MSRV 1.71.1; not above workspace MSRV 1.85.0.	Transitive only; WorldDB does not call this crate directly and reaches it only through its locked parent dependency.	none	Transitive features inspected in the locked all-target cargo tree; no direct WorldDB feature selection.	Only features reachable through the reviewed locked uuid/getrandom target graph.	Remove through a reviewed parent dependency update; rerun MSRV, license, advisory, and feature checks.	Luna	2026-09-29
cc	1.5.1	registry+https://github.com/rust-lang/crates.io-index	Transitive build support used by BLAKE3 for its target-specific build; no runtime WorldDB API surface.	Pinned in Cargo.lock; crates.io metadata and locked dependency graph reviewed 2026-09-29.	Declared SPDX expression: MIT OR Apache-2.0; cargo-deny 0.20.2 review recorded for the locked graph.	cargo-deny 0.20.2 check all: passed on 2026-09-29.	2	Declared Rust MSRV 1.65.0; not above workspace MSRV 1.85.0.	Build-time only; WorldDB does not call this crate from runtime code.	reviewed: invoked by the pinned BLAKE3 build script for target-specific compilation.	Transitive build dependency feature set inspected in the locked all-target cargo tree.	Only build support required by BLAKE3; does not add a WorldDB runtime feature.	Remove with the reviewed BLAKE3 update if target builds no longer require cc.	Luna	2026-09-29
cfg-if	1.0.5	registry+https://github.com/rust-lang/crates.io-index	Transitive target/runtime support of the reviewed uuid/getrandom graph; no direct WorldDB API surface.	Pinned in Cargo.lock; crates.io metadata and locked graph reviewed 2026-09-29.	Declared SPDX expression: MIT OR Apache-2.0; cargo-deny 0.20.2 review recorded for the locked graph.	cargo-deny 0.20.2 check all: passed on 2026-09-29.	0	Declared Rust MSRV 1.32; not above workspace MSRV 1.85.0.	Transitive only; WorldDB does not call this crate directly and reaches it only through its locked parent dependency.	none	Transitive features inspected in the locked all-target cargo tree; no direct WorldDB feature selection.	Only features reachable through the reviewed locked uuid/getrandom target graph.	Remove through a reviewed parent dependency update; rerun MSRV, license, advisory, and feature checks.	Luna	2026-09-29
constant_time_eq	0.4.2	registry+https://github.com/rust-lang/crates.io-index	Transitive equality helper used inside BLAKE3; no direct WorldDB API surface.	Pinned in Cargo.lock; crates.io metadata and locked dependency graph reviewed 2026-09-29.	Declared SPDX expression: CC0-1.0 OR MIT-0 OR Apache-2.0; cargo-deny accepted the reviewed Apache-2.0 alternative.	cargo-deny 0.20.2 check all: passed on 2026-09-29.	0	Declared Rust MSRV 1.85.0; equal to workspace MSRV 1.85.0.	Transitive only; WorldDB does not call this crate directly and reaches it through BLAKE3.	none	Features inspected in the locked all-target tree; no direct WorldDB feature selection.	Only the comparison support selected by the BLAKE3 dependency graph.	Remove through a reviewed parent dependency update; rerun MSRV, license, advisory, and feature checks.	Luna	2026-09-29
cpufeatures	0.3.1	registry+https://github.com/rust-lang/crates.io-index	Transitive target feature detection used by BLAKE3; no direct WorldDB API surface.	Pinned in Cargo.lock; crates.io metadata and locked dependency graph reviewed 2026-09-29.	Declared SPDX expression: MIT OR Apache-2.0; cargo-deny 0.20.2 review recorded for the locked graph.	cargo-deny 0.20.2 check all: passed on 2026-09-29.	1	Declared Rust MSRV 1.85; not above workspace MSRV 1.85.0.	Transitive only; WorldDB does not call this crate directly and reaches it through BLAKE3.	none	Features inspected in the locked all-target tree; no direct WorldDB feature selection.	Only target detection selected by the BLAKE3 dependency graph.	Remove through a reviewed parent dependency update; rerun MSRV, license, advisory, and feature checks.	Luna	2026-09-29
find-msvc-tools	0.1.14	registry+https://github.com/rust-lang/crates.io-index	Transitive MSVC toolchain discovery used by cc during BLAKE3 builds; no runtime WorldDB API surface.	Pinned in Cargo.lock; crates.io metadata and locked dependency graph reviewed 2026-09-29.	Declared SPDX expression: MIT OR Apache-2.0; cargo-deny 0.20.2 review recorded for the locked graph.	cargo-deny 0.20.2 check all: passed on 2026-09-29.	0	Declared Rust MSRV 1.65; not above workspace MSRV 1.85.0.	Build-time transitive utility only; WorldDB does not call it from runtime code.	reviewed: build dependency of cc in the pinned BLAKE3 build graph.	Features inspected in the locked all-target tree; no direct WorldDB feature selection.	Only MSVC tool discovery selected by the cc build dependency.	Remove through a reviewed cc dependency update; rerun Windows target build and dependency checks.	Luna	2026-09-29
futures-core	0.3.34	registry+https://github.com/rust-lang/crates.io-index	Transitive target/runtime support of the reviewed uuid/getrandom graph; no direct WorldDB API surface.	Pinned in Cargo.lock; crates.io metadata and locked graph reviewed 2026-09-29.	Declared SPDX expression: MIT OR Apache-2.0; cargo-deny 0.20.2 review recorded for the locked graph.	cargo-deny 0.20.2 check all: passed on 2026-09-29.	0	Declared Rust MSRV 1.36; not above workspace MSRV 1.85.0.	Transitive only; WorldDB does not call this crate directly and reaches it only through its locked parent dependency.	none	Transitive features inspected in the locked all-target cargo tree; no direct WorldDB feature selection.	Only features reachable through the reviewed locked uuid/getrandom target graph.	Remove through a reviewed parent dependency update; rerun MSRV, license, advisory, and feature checks.	Luna	2026-09-29
futures-task	0.3.34	registry+https://github.com/rust-lang/crates.io-index	Transitive target/runtime support of the reviewed uuid/getrandom graph; no direct WorldDB API surface.	Pinned in Cargo.lock; crates.io metadata and locked graph reviewed 2026-09-29.	Declared SPDX expression: MIT OR Apache-2.0; cargo-deny 0.20.2 review recorded for the locked graph.	cargo-deny 0.20.2 check all: passed on 2026-09-29.	0	Declared Rust MSRV 1.71; not above workspace MSRV 1.85.0.	Transitive only; WorldDB does not call this crate directly and reaches it only through its locked parent dependency.	none	Transitive features inspected in the locked all-target cargo tree; no direct WorldDB feature selection.	Only features reachable through the reviewed locked uuid/getrandom target graph.	Remove through a reviewed parent dependency update; rerun MSRV, license, advisory, and feature checks.	Luna	2026-09-29
futures-util	0.3.34	registry+https://github.com/rust-lang/crates.io-index	Transitive target/runtime support of the reviewed uuid/getrandom graph; no direct WorldDB API surface.	Pinned in Cargo.lock; crates.io metadata and locked graph reviewed 2026-09-29.	Declared SPDX expression: MIT OR Apache-2.0; cargo-deny 0.20.2 review recorded for the locked graph.	cargo-deny 0.20.2 check all: passed on 2026-09-29.	4	Declared Rust MSRV 1.71; not above workspace MSRV 1.85.0.	Transitive only; WorldDB does not call this crate directly and reaches it only through its locked parent dependency.	none	Transitive features inspected in the locked all-target cargo tree; no direct WorldDB feature selection.	Only features reachable through the reviewed locked uuid/getrandom target graph.	Remove through a reviewed parent dependency update; rerun MSRV, license, advisory, and feature checks.	Luna	2026-09-29
getrandom	0.4.3	registry+https://github.com/rust-lang/crates.io-index	Direct core dependency for fallible operating-system CSPRNG fill; replaces panic-prone convenience generation with a typed error path.	Pinned in Cargo.lock; crates.io metadata and locked graph reviewed 2026-09-29.	Declared SPDX expression: MIT OR Apache-2.0; cargo-deny 0.20.2 review recorded for the locked graph.	cargo-deny 0.20.2 check all: passed on 2026-09-29.	3	Declared Rust MSRV 1.85; not above workspace MSRV 1.85.0.	Platform FFI is encapsulated behind the safe fallible getrandom::fill API; WorldDB uses no unsafe code.	reviewed: pinned upstream build/proc-macro target is part of the locked dependency graph; no repository build script invokes it directly.	Disabled; direct dependency exposes fallible fill without default features.	No default features; only the safe fill API is used.	Replace only with an equally fallible OS CSPRNG API and repeat the platform/MSRV/error-path review.	Luna	2026-09-29
js-sys	0.3.106	registry+https://github.com/rust-lang/crates.io-index	Transitive target/runtime support of the reviewed uuid/getrandom graph; no direct WorldDB API surface.	Pinned in Cargo.lock; crates.io metadata and locked graph reviewed 2026-09-29.	Declared SPDX expression: MIT OR Apache-2.0; cargo-deny 0.20.2 review recorded for the locked graph.	cargo-deny 0.20.2 check all: passed on 2026-09-29.	17	Declared Rust MSRV 1.81; not above workspace MSRV 1.85.0.	Transitive only; WorldDB does not call this crate directly and reaches it only through its locked parent dependency.	none	Transitive features inspected in the locked all-target cargo tree; no direct WorldDB feature selection.	Only features reachable through the reviewed locked uuid/getrandom target graph.	Remove through a reviewed parent dependency update; rerun MSRV, license, advisory, and feature checks.	Luna	2026-09-29
libc	0.2.189	registry+https://github.com/rust-lang/crates.io-index	Transitive target/runtime support of the reviewed uuid/getrandom graph; no direct WorldDB API surface.	Pinned in Cargo.lock; crates.io metadata and locked graph reviewed 2026-09-29.	Declared SPDX expression: MIT OR Apache-2.0; cargo-deny 0.20.2 review recorded for the locked graph.	cargo-deny 0.20.2 check all: passed on 2026-09-29.	0	Declared Rust MSRV 1.65; not above workspace MSRV 1.85.0.	Transitive only; WorldDB does not call this crate directly and reaches it only through its locked parent dependency.	reviewed: pinned upstream build/proc-macro target is part of the locked dependency graph; no repository build script invokes it directly.	Transitive features inspected in the locked all-target cargo tree; no direct WorldDB feature selection.	Only features reachable through the reviewed locked uuid/getrandom target graph.	Remove through a reviewed parent dependency update; rerun MSRV, license, advisory, and feature checks.	Luna	2026-09-29
once_cell	1.21.4	registry+https://github.com/rust-lang/crates.io-index	Transitive target/runtime support of the reviewed uuid/getrandom graph; no direct WorldDB API surface.	Pinned in Cargo.lock; crates.io metadata and locked graph reviewed 2026-09-29.	Declared SPDX expression: MIT OR Apache-2.0; cargo-deny 0.20.2 review recorded for the locked graph.	cargo-deny 0.20.2 check all: passed on 2026-09-29.	0	Declared Rust MSRV 1.65; not above workspace MSRV 1.85.0.	Transitive only; WorldDB does not call this crate directly and reaches it only through its locked parent dependency.	none	Transitive features inspected in the locked all-target cargo tree; no direct WorldDB feature selection.	Only features reachable through the reviewed locked uuid/getrandom target graph.	Remove through a reviewed parent dependency update; rerun MSRV, license, advisory, and feature checks.	Luna	2026-09-29
pin-project-lite	0.2.17	registry+https://github.com/rust-lang/crates.io-index	Transitive target/runtime support of the reviewed uuid/getrandom graph; no direct WorldDB API surface.	Pinned in Cargo.lock; crates.io metadata and locked graph reviewed 2026-09-29.	Declared SPDX expression: Apache-2.0 OR MIT; cargo-deny 0.20.2 review recorded for the locked graph.	cargo-deny 0.20.2 check all: passed on 2026-09-29.	0	Declared Rust MSRV 1.37; not above workspace MSRV 1.85.0.	Transitive only; WorldDB does not call this crate directly and reaches it only through its locked parent dependency.	none	Transitive features inspected in the locked all-target cargo tree; no direct WorldDB feature selection.	Only features reachable through the reviewed locked uuid/getrandom target graph.	Remove through a reviewed parent dependency update; rerun MSRV, license, advisory, and feature checks.	Luna	2026-09-29
proc-macro2	1.0.107	registry+https://github.com/rust-lang/crates.io-index	Transitive target/runtime support of the reviewed uuid/getrandom graph; no direct WorldDB API surface.	Pinned in Cargo.lock; crates.io metadata and locked graph reviewed 2026-09-29.	Declared SPDX expression: MIT OR Apache-2.0; cargo-deny 0.20.2 review recorded for the locked graph.	cargo-deny 0.20.2 check all: passed on 2026-09-29.	1	Declared Rust MSRV 1.71; not above workspace MSRV 1.85.0.	Transitive only; WorldDB does not call this crate directly and reaches it only through its locked parent dependency.	reviewed: pinned upstream build/proc-macro target is part of the locked dependency graph; no repository build script invokes it directly.	Transitive features inspected in the locked all-target cargo tree; no direct WorldDB feature selection.	Only features reachable through the reviewed locked uuid/getrandom target graph.	Remove through a reviewed parent dependency update; rerun MSRV, license, advisory, and feature checks.	Luna	2026-09-29
quote	1.0.47	registry+https://github.com/rust-lang/crates.io-index	Transitive target/runtime support of the reviewed uuid/getrandom graph; no direct WorldDB API surface.	Pinned in Cargo.lock; crates.io metadata and locked graph reviewed 2026-09-29.	Declared SPDX expression: MIT OR Apache-2.0; cargo-deny 0.20.2 review recorded for the locked graph.	cargo-deny 0.20.2 check all: passed on 2026-09-29.	2	Declared Rust MSRV 1.71; not above workspace MSRV 1.85.0.	Transitive only; WorldDB does not call this crate directly and reaches it only through its locked parent dependency.	reviewed: pinned upstream build/proc-macro target is part of the locked dependency graph; no repository build script invokes it directly.	Transitive features inspected in the locked all-target cargo tree; no direct WorldDB feature selection.	Only features reachable through the reviewed locked uuid/getrandom target graph.	Remove through a reviewed parent dependency update; rerun MSRV, license, advisory, and feature checks.	Luna	2026-09-29
r-efi	6.0.0	registry+https://github.com/rust-lang/crates.io-index	Transitive target/runtime support of the reviewed uuid/getrandom graph; no direct WorldDB API surface.	Pinned in Cargo.lock; crates.io metadata and locked graph reviewed 2026-09-29.	Declared SPDX expression: MIT OR Apache-2.0 OR LGPL-2.1-or-later; cargo-deny 0.20.2 review recorded for the locked graph.	cargo-deny 0.20.2 check all: passed on 2026-09-29.	0	Declared Rust MSRV 1.68; not above workspace MSRV 1.85.0.	Transitive only; WorldDB does not call this crate directly and reaches it only through its locked parent dependency.	none	Transitive features inspected in the locked all-target cargo tree; no direct WorldDB feature selection.	Only features reachable through the reviewed locked uuid/getrandom target graph.	Remove through a reviewed parent dependency update; rerun MSRV, license, advisory, and feature checks.	Luna	2026-09-29
rustversion	1.0.23	registry+https://github.com/rust-lang/crates.io-index	Transitive target/runtime support of the reviewed uuid/getrandom graph; no direct WorldDB API surface.	Pinned in Cargo.lock; crates.io metadata and locked graph reviewed 2026-09-29.	Declared SPDX expression: MIT OR Apache-2.0; cargo-deny 0.20.2 review recorded for the locked graph.	cargo-deny 0.20.2 check all: passed on 2026-09-29.	0	Declared Rust MSRV 1.31; not above workspace MSRV 1.85.0.	Transitive only; WorldDB does not call this crate directly and reaches it only through its locked parent dependency.	reviewed: pinned upstream build/proc-macro target is part of the locked dependency graph; no repository build script invokes it directly.	Transitive features inspected in the locked all-target cargo tree; no direct WorldDB feature selection.	Only features reachable through the reviewed locked uuid/getrandom target graph.	Remove through a reviewed parent dependency update; rerun MSRV, license, advisory, and feature checks.	Luna	2026-09-29
shlex	2.0.1	registry+https://github.com/rust-lang/crates.io-index	Transitive command-line tokenization used by cc during BLAKE3 builds; no runtime WorldDB API surface.	Pinned in Cargo.lock; crates.io metadata and locked dependency graph reviewed 2026-09-29.	Declared SPDX expression: MIT OR Apache-2.0; cargo-deny 0.20.2 review recorded for the locked graph.	cargo-deny 0.20.2 check all: passed on 2026-09-29.	0	Declared Rust MSRV 1.46.0; not above workspace MSRV 1.85.0.	Build-time transitive utility only; WorldDB does not call it from runtime code.	reviewed: build dependency of cc in the pinned BLAKE3 build graph.	Exact package-specific cargo-deny exception allows default and std only because cc enables them transitively.	Only default + std as required by cc; no direct WorldDB feature selection.	Remove the package-specific default-feature exception when the reviewed cc graph no longer enables shlex defaults.	Luna	2026-09-29
slab	0.4.12	registry+https://github.com/rust-lang/crates.io-index	Transitive target/runtime support of the reviewed uuid/getrandom graph; no direct WorldDB API surface.	Pinned in Cargo.lock; crates.io metadata and locked graph reviewed 2026-09-29.	Declared SPDX expression: MIT; cargo-deny 0.20.2 review recorded for the locked graph.	cargo-deny 0.20.2 check all: passed on 2026-09-29.	0	Declared Rust MSRV 1.51; not above workspace MSRV 1.85.0.	Transitive only; WorldDB does not call this crate directly and reaches it only through its locked parent dependency.	none	Transitive features inspected in the locked all-target cargo tree; no direct WorldDB feature selection.	Only features reachable through the reviewed locked uuid/getrandom target graph.	Remove through a reviewed parent dependency update; rerun MSRV, license, advisory, and feature checks.	Luna	2026-09-29
syn	3.0.6	registry+https://github.com/rust-lang/crates.io-index	Transitive target/runtime support of the reviewed uuid/getrandom graph; no direct WorldDB API surface.	Pinned in Cargo.lock; crates.io metadata and locked graph reviewed 2026-09-29.	Declared SPDX expression: MIT OR Apache-2.0; cargo-deny 0.20.2 review recorded for the locked graph.	cargo-deny 0.20.2 check all: passed on 2026-09-29.	3	Declared Rust MSRV 1.71; not above workspace MSRV 1.85.0.	Transitive only; WorldDB does not call this crate directly and reaches it only through its locked parent dependency.	none	Transitive features inspected in the locked all-target cargo tree; no direct WorldDB feature selection.	Only features reachable through the reviewed locked uuid/getrandom target graph.	Remove through a reviewed parent dependency update; rerun MSRV, license, advisory, and feature checks.	Luna	2026-09-29
unicode-ident	1.0.26	registry+https://github.com/rust-lang/crates.io-index	Transitive target/runtime support of the reviewed uuid/getrandom graph; no direct WorldDB API surface.	Pinned in Cargo.lock; crates.io metadata and locked graph reviewed 2026-09-29.	Declared SPDX expression: (MIT OR Apache-2.0) AND Unicode-3.0; cargo-deny 0.20.2 review recorded for the locked graph.	cargo-deny 0.20.2 check all: passed on 2026-09-29.	0	Declared Rust MSRV 1.71; not above workspace MSRV 1.85.0.	Transitive only; WorldDB does not call this crate directly and reaches it only through its locked parent dependency.	none	Transitive features inspected in the locked all-target cargo tree; no direct WorldDB feature selection.	Only features reachable through the reviewed locked uuid/getrandom target graph.	Remove through a reviewed parent dependency update; rerun MSRV, license, advisory, and feature checks.	Luna	2026-09-29
uuid	1.26.1	registry+https://github.com/rust-lang/crates.io-index	Direct core dependency for opaque UUID values, canonical parsing/formatting, and the RFC 9562 UUIDv7 builder; serde/rand features stay disabled.	Pinned in Cargo.lock; crates.io metadata and locked graph reviewed 2026-09-29.	Declared SPDX expression: Apache-2.0 OR MIT; cargo-deny 0.20.2 review recorded for the locked graph.	cargo-deny 0.20.2 check all: passed on 2026-09-29.	21	Declared Rust MSRV 1.85.0; not above workspace MSRV 1.85.0.	WorldDB calls safe uuid value, builder, parse, and format APIs only; upstream unsafe helpers are not exposed and serde is disabled.	none	Disabled; uuid enables only std and v7, with uuid serde/rand absent.	std + v7; UUID remains behind domain newtypes; no serde or rand.	Replace only behind a new ADR after an equivalent RFC 9562 parser/formatter/v7 builder preserves UUID bytes and tests.	Luna	2026-09-29
wasm-bindgen	0.2.129	registry+https://github.com/rust-lang/crates.io-index	Transitive target/runtime support of the reviewed uuid/getrandom graph; no direct WorldDB API surface.	Pinned in Cargo.lock; crates.io metadata and locked graph reviewed 2026-09-29.	Declared SPDX expression: MIT OR Apache-2.0; cargo-deny 0.20.2 review recorded for the locked graph.	cargo-deny 0.20.2 check all: passed on 2026-09-29.	11	Declared Rust MSRV 1.81; not above workspace MSRV 1.85.0.	Transitive only; WorldDB does not call this crate directly and reaches it only through its locked parent dependency.	reviewed: pinned upstream build/proc-macro target is part of the locked dependency graph; no repository build script invokes it directly.	Transitive features inspected in the locked all-target cargo tree; no direct WorldDB feature selection.	Only features reachable through the reviewed locked uuid/getrandom target graph.	Remove through a reviewed parent dependency update; rerun MSRV, license, advisory, and feature checks.	Luna	2026-09-29
wasm-bindgen-macro	0.2.129	registry+https://github.com/rust-lang/crates.io-index	Transitive target/runtime support of the reviewed uuid/getrandom graph; no direct WorldDB API surface.	Pinned in Cargo.lock; crates.io metadata and locked graph reviewed 2026-09-29.	Declared SPDX expression: MIT OR Apache-2.0; cargo-deny 0.20.2 review recorded for the locked graph.	cargo-deny 0.20.2 check all: passed on 2026-09-29.	7	Declared Rust MSRV 1.81; not above workspace MSRV 1.85.0.	Transitive only; WorldDB does not call this crate directly and reaches it only through its locked parent dependency.	reviewed: pinned upstream build/proc-macro target is part of the locked dependency graph; no repository build script invokes it directly.	Transitive features inspected in the locked all-target cargo tree; no direct WorldDB feature selection.	Only features reachable through the reviewed locked uuid/getrandom target graph.	Remove through a reviewed parent dependency update; rerun MSRV, license, advisory, and feature checks.	Luna	2026-09-29
wasm-bindgen-macro-support	0.2.129	registry+https://github.com/rust-lang/crates.io-index	Transitive target/runtime support of the reviewed uuid/getrandom graph; no direct WorldDB API surface.	Pinned in Cargo.lock; crates.io metadata and locked graph reviewed 2026-09-29.	Declared SPDX expression: MIT OR Apache-2.0; cargo-deny 0.20.2 review recorded for the locked graph.	cargo-deny 0.20.2 check all: passed on 2026-09-29.	6	Declared Rust MSRV 1.81; not above workspace MSRV 1.85.0.	Transitive only; WorldDB does not call this crate directly and reaches it only through its locked parent dependency.	none	Transitive features inspected in the locked all-target cargo tree; no direct WorldDB feature selection.	Only features reachable through the reviewed locked uuid/getrandom target graph.	Remove through a reviewed parent dependency update; rerun MSRV, license, advisory, and feature checks.	Luna	2026-09-29
wasm-bindgen-shared	0.2.129	registry+https://github.com/rust-lang/crates.io-index	Transitive target/runtime support of the reviewed uuid/getrandom graph; no direct WorldDB API surface.	Pinned in Cargo.lock; crates.io metadata and locked graph reviewed 2026-09-29.	Declared SPDX expression: MIT OR Apache-2.0; cargo-deny 0.20.2 review recorded for the locked graph.	cargo-deny 0.20.2 check all: passed on 2026-09-29.	1	Declared Rust MSRV 1.81; not above workspace MSRV 1.85.0.	Transitive only; WorldDB does not call this crate directly and reaches it only through its locked parent dependency.	reviewed: pinned upstream build/proc-macro target is part of the locked dependency graph; no repository build script invokes it directly.	Transitive features inspected in the locked all-target cargo tree; no direct WorldDB feature selection.	Only features reachable through the reviewed locked uuid/getrandom target graph.	Remove through a reviewed parent dependency update; rerun MSRV, license, advisory, and feature checks.	Luna	2026-09-29
