target_id	target_class	source_entrypoint	seed_corpus	resource_profile	runner_id	followup_task
cli_arguments	cli_parser	crates/worlddb-cli/src/cli.rs#parse_global_options;crates/worlddb-cli/src/cli.rs#parse_command;crates/worlddb-cli/src/cli.rs#parse_help_scope;crates/worlddb-cli/src/cli.rs#parse_v1_command;crates/worlddb-cli/src/cli.rs#parse_adapter_command;crates/worlddb-cli/src/cli.rs#parse_verify_command;crates/worlddb-cli/src/cli.rs#parse_open_command;crates/worlddb-cli/src/cli.rs#parse_recovery_command;crates/worlddb-cli/src/cli.rs#parse_salvage_command;crates/worlddb-cli/src/cli.rs#parse_backup_command;crates/worlddb-cli/src/cli.rs#parse_export_command;crates/worlddb-cli/src/cli.rs#parse_import_command;crates/worlddb-cli/src/cli.rs#parse_purge_command;crates/worlddb-cli/src/cli.rs#parse_restore_command;crates/worlddb-cli/src/cli.rs#parse_migration_command;crates/worlddb-cli/src/cli.rs#parse_storage_command;crates/worlddb-cli/src/cli.rs#parse_cli_id;crates/worlddb-cli/src/cli.rs#parse_canonical_u64;crates/worlddb-cli/src/cli.rs#parse_purge_mode;crates/worlddb-cli/src/cli.rs#parse_purge_external_artifact;crates/worlddb-cli/src/cli.rs#parse_fingerprint_hex;crates/worlddb-cli/src/cli.rs#parse_lower_hex_nibble;crates/worlddb-cli/src/cli.rs#parse_record_kind	policy/fuzz-seeds/cli/arguments.txt	small_text	rust_cli	M9-04a
cli_import_mapping	import_parser	crates/worlddb-cli/src/cli.rs#parse_import_mapping;crates/worlddb-cli/src/cli.rs#parse_import_identity	policy/fuzz-seeds/cli/import-mappings.txt	small_text	rust_cli	M9-04b
cli_migration_plan_json	import_parser	crates/worlddb-cli/src/cli.rs#load_migration_plan	crates/worlddb-storage-file/tests/fixtures/m7-16h/migration/plan.record	import_artifact	rust_cli	M9-04b
cli_migration_step_records	import_parser	crates/worlddb-cli/src/cli.rs#load_migration_step_records	crates/worlddb-storage-file/tests/fixtures/m7-16h/migration/step-1.record	import_artifact	rust_cli	M9-04b
cli_policy_history	decoder	crates/worlddb-cli/src/cli.rs#load_policy_history	crates/worlddb-storage-file/tests/fixtures/m7-16h/storage/segments/segment-5c25d7e9-f447-4f4d-b944-47da3450aed8.wdbseg	import_artifact	rust_cli	M9-04a
cli_adapter_manifest	adapter_decoder	crates/worlddb-cli/src/adapter_protocol.rs#AdapterManifest::decode;crates/worlddb-cli/src/adapter_protocol.rs#read_adapter_manifest	policy/fuzz-seeds/adapter/manifest.hex	persistent_artifact	rust_cli	M9-04a
cli_adapter_payload	adapter_decoder	crates/worlddb-cli/src/adapter_protocol.rs#read_adapter_payload;crates/worlddb-cli/src/adapter_protocol.rs#read_u64	policy/fuzz-seeds/adapter/payload.hex	persistent_artifact	rust_cli	M9-04a
cli_adapter_handshake	adapter_decoder	crates/worlddb-cli/src/adapter_protocol.rs#decode_payload;crates/worlddb-cli/src/adapter_protocol.rs#read_adapter_handshake	policy/fuzz-seeds/adapter/handshake.hex	json_request	rust_cli	M9-04a
cli_adapter_output	adapter_decoder	crates/worlddb-cli/src/adapter_protocol.rs#read_adapter_output	policy/fuzz-seeds/adapter/output.hex	persistent_artifact	rust_cli	M9-04a
cli_adapter_frame	adapter_decoder	crates/worlddb-cli/src/adapter_protocol.rs#decode_checked_frame;crates/worlddb-cli/src/adapter_protocol.rs#read_checked_frame	policy/fuzz-seeds/adapter/frame.hex	persistent_artifact	rust_cli	M9-04a
storage_format_probe	decoder	crates/worlddb-storage-file/src/format.rs#probe_format	crates/worlddb-storage-file/tests/fixtures/m7-07/format-v1.0.bin	wire_default	rust_storage	M9-04a
storage_current_manifest	decoder	crates/worlddb-storage-file/src/manifest.rs#ManifestStore::read_current;crates/worlddb-storage-file/src/manifest.rs#read_current_pointer;crates/worlddb-storage-file/src/manifest.rs#decode_current;crates/worlddb-storage-file/src/manifest.rs#decode_manifest	crates/worlddb-storage-file/tests/fixtures/m7-16h/storage/CURRENT;crates/worlddb-storage-file/tests/fixtures/m7-16h/storage/manifests/manifest-00000000000000000002.wdbm	persistent_artifact	rust_storage	M9-04a
storage_manifest_name	decoder	crates/worlddb-storage-file/src/manifest.rs#parse_manifest_name	policy/fuzz-seeds/storage/manifest-names.txt	small_text	rust_storage	M9-04a
storage_history_segment	decoder	crates/worlddb-storage-file/src/segment.rs#HistorySegmentStore::read_verified_reference;crates/worlddb-storage-file/src/segment.rs#decode_segment_file;crates/worlddb-storage-file/src/segment.rs#decode_segment_envelope;crates/worlddb-storage-file/src/segment.rs#decode_canonical_content;crates/worlddb-storage-file/src/segment.rs#decode_canonical_frames	crates/worlddb-storage-file/tests/fixtures/m7-16h/storage/segments/segment-5c25d7e9-f447-4f4d-b944-47da3450aed8.wdbseg	persistent_artifact	rust_storage	M9-04a
storage_security_segment	decoder	crates/worlddb-storage-file/src/security_segment.rs#SecurityPolicyHistoryStore::read_verified_reference;crates/worlddb-storage-file/src/security_segment.rs#read_verified_reference_bytes;crates/worlddb-storage-file/src/security_segment.rs#decode_security_segment;crates/worlddb-storage-file/src/security_segment.rs#load_history;crates/worlddb-storage-file/src/security_segment.rs#decode_security_version;crates/worlddb-storage-file/src/security_segment.rs#decode_policy_record;crates/worlddb-storage-file/src/security_segment.rs#decode_policy_change;crates/worlddb-storage-file/src/security_segment.rs#decode_principal_state;crates/worlddb-storage-file/src/security_segment.rs#decode_snapshot;crates/worlddb-storage-file/src/security_segment.rs#decode_scope;crates/worlddb-storage-file/src/security_segment.rs#decode_subject;crates/worlddb-storage-file/src/security_segment.rs#decode_field_selector;crates/worlddb-storage-file/src/security_segment.rs#decode_relationship_selector;crates/worlddb-storage-file/src/security_segment.rs#decode_optional_id;crates/worlddb-storage-file/src/security_segment.rs#decode_capability;crates/worlddb-storage-file/src/security_segment.rs#decode_effect	crates/worlddb-storage-file/tests/fixtures/m7-16h/storage/security/segments/segment-5cb2f9a6-b05b-44ce-9e56-17b453262237.wdbseg	persistent_artifact	rust_storage	M9-04a
storage_wal_segment	decoder	crates/worlddb-storage-file/src/wal.rs#parse_segment_sequence;crates/worlddb-storage-file/src/wal.rs#decode_segment;crates/worlddb-storage-file/src/wal.rs#decode_raw_segment	crates/worlddb-storage-file/tests/fixtures/m7-16h/storage/wal/segment-00000000000000000001.wal	persistent_artifact	rust_storage	M9-04a
storage_wal_recovery_prefix	recovery_scanner	crates/worlddb-storage-file/src/wal.rs#WalPrepareLog::scan_recovery_prefix;crates/worlddb-storage-file/src/recovery.rs#RecoveryScanner::scan;crates/worlddb-storage-file/src/wal.rs#decode_raw_segment_prefix	crates/worlddb-storage-file/tests/fixtures/m7-16h/storage/wal/segment-00000000000000000001.wal	recovery_scan	rust_storage	M9-04c
storage_wal_payloads	recovery_scanner	crates/worlddb-storage-file/src/wal.rs#decode_prepare_payload;crates/worlddb-storage-file/src/wal.rs#decode_commit_payload;crates/worlddb-storage-file/src/wal.rs#decode_raw_segment_prefix	crates/worlddb-storage-file/tests/fixtures/m7-16h/storage/wal/segment-00000000000000000001.wal	recovery_scan	rust_storage	M9-04c
storage_audit_wal	recovery_scanner	crates/worlddb-storage-file/src/audit_wal.rs#scan_wal;crates/worlddb-storage-file/src/audit_wal.rs#scan_wal_allow_incomplete_tail;crates/worlddb-storage-file/src/audit_wal.rs#scan_wal_bytes;crates/worlddb-storage-file/src/audit_wal.rs#decode_repair_intent;crates/worlddb-storage-file/src/audit_wal.rs#decode_prepare;crates/worlddb-storage-file/src/audit_wal.rs#decode_commit;crates/worlddb-storage-file/src/audit_wal.rs#decode_u64_field;crates/worlddb-storage-file/src/audit_wal.rs#decode_id_field;crates/worlddb-storage-file/src/audit_wal.rs#decode_fixed_field;crates/worlddb-storage-file/src/audit_wal.rs#decode_bytes_field	crates/worlddb-storage-file/tests/fixtures/m7-16h/storage/wal/segment-00000000000000000001.wal	recovery_scan	rust_storage	M9-04c
storage_recovery_journal	recovery_scanner	crates/worlddb-storage-file/src/recovery_journal.rs#read_records;crates/worlddb-storage-file/src/recovery_journal.rs#decode_record	policy/fuzz-seeds/storage/recovery-journal.hex	recovery_scan	rust_storage	M9-04c
storage_recovery_pipeline	recovery_scanner	crates/worlddb-storage-file/src/recovery_manager.rs#RecoveryManager;crates/worlddb-storage-file/src/recovery.rs#scan;crates/worlddb-storage-file/src/recovery.rs#RecoveryScanner::scan	crates/worlddb-storage-file/tests/fixtures/m7-16h/storage	recovery_scan	rust_storage	M9-04c
storage_verify_pipeline	recovery_scanner	crates/worlddb-storage-file/src/verify.rs#StorageVerifier::verify;crates/worlddb-storage-file/src/recovery.rs#RecoveryScanner::scan	crates/worlddb-storage-file/tests/fixtures/m7-16h/storage	recovery_scan	rust_storage	M9-04c
storage_salvage_scanner	recovery_scanner	crates/worlddb-storage-file/src/salvage.rs#read_candidate_segment;crates/worlddb-storage-file/src/salvage.rs#SalvageManager;crates/worlddb-storage-file/src/segment.rs#decode_segment_file	crates/worlddb-storage-file/tests/fixtures/m7-16h/storage/segments/segment-5a0e5131-3cc9-463b-8760-f634293d16f3.wdbseg	recovery_scan	rust_storage	M9-04c
storage_backup_manifest	decoder	crates/worlddb-storage-file/src/backup.rs#BackupManifest::decode;crates/worlddb-storage-file/src/backup.rs#AuditBackupManifest::decode	crates/worlddb-storage-file/tests/fixtures/m7-16h/exact-backup	persistent_artifact	rust_storage	M9-04a
storage_index_generation	decoder	crates/worlddb-storage-file/src/index_generation.rs#decode_index_generation;crates/worlddb-storage-file/src/index_generation.rs#decode_metadata	crates/worlddb-storage-file/tests/fixtures/m7-16h/storage/segments/segment-5c25d7e9-f447-4f4d-b944-47da3450aed8.wdbseg	persistent_artifact	rust_storage	M9-04a
storage_index_pointer	decoder	crates/worlddb-storage-file/src/index_rebuild.rs#IndexGenerationStore::read_current;crates/worlddb-storage-file/src/index_rebuild.rs#decode_pointer	crates/worlddb-storage-file/tests/fixtures/m7-16h/storage/CURRENT	persistent_artifact	rust_storage	M9-04a
storage_index_generation_name	decoder	crates/worlddb-storage-file/src/index_rebuild.rs#parse_generation_file_name	policy/fuzz-seeds/storage/manifest-names.txt	small_text	rust_storage	M9-04a
storage_compaction_pin_manifest	decoder	crates/worlddb-storage-file/src/compaction.rs#decode_backup_pin_manifest	policy/fuzz-seeds/storage/compaction-pin.hex	persistent_artifact	rust_storage	M9-04a
storage_required_audit_payload	recovery_scanner	crates/worlddb-storage-file/src/required_audit.rs#decode_required_audit_payload	crates/worlddb-storage-file/tests/fixtures/m7-16h/storage/wal/segment-00000000000000000001.wal	recovery_scan	rust_storage	M9-04c
storage_replay_payload	recovery_scanner	crates/worlddb-storage-file/src/replay_payload.rs#decode_replay_payload	crates/worlddb-storage-file/tests/fixtures/m7-16h/storage/wal/segment-00000000000000000001.wal	recovery_scan	rust_storage	M9-04c
storage_migration_run_journal	decoder	crates/worlddb-storage-file/src/migration_run_journal.rs#MigrationRunJournalFileStore::load;crates/worlddb-storage-file/src/migration_run_journal.rs#read_snapshot	crates/worlddb-storage-file/tests/fixtures/m7-16h/migration/plan.record	persistent_artifact	rust_storage	M9-04a
storage_guarded_migration_journal	decoder	crates/worlddb-storage-file/src/guarded_migration.rs#load_journal_status	crates/worlddb-storage-file/tests/fixtures/m7-16h/migration	persistent_artifact	rust_storage	M9-04a
storage_storage_upgrade_journal	decoder	crates/worlddb-storage-file/src/storage_upgrade.rs#read_journal;crates/worlddb-storage-file/src/storage_upgrade.rs#decode_journal_record	crates/worlddb-storage-file/tests/fixtures/m7-07/format-v1.0.bin	persistent_artifact	rust_storage	M9-04a
storage_logical_export	import_parser	crates/worlddb-storage-file/src/logical_export.rs#LogicalExport::decode	crates/worlddb-storage-file/tests/fixtures/m7-16h/exports/logical-export.wdbx	import_artifact	rust_storage	M9-04b
storage_logical_import_plan	import_parser	crates/worlddb-storage-file/src/logical_import.rs#LogicalImportPlan::decode;crates/worlddb-storage-file/src/logical_import.rs#LogicalImportIdentity::decode;crates/worlddb-storage-file/src/logical_import.rs#decode_id	crates/worlddb-storage-file/tests/fixtures/m7-16h/exports/logical-export.wdbx	import_artifact	rust_storage	M9-04b
storage_import_prepare	import_parser	crates/worlddb-storage-file/src/logical_import.rs#LogicalImportManager::prepare;crates/worlddb-storage-file/src/logical_import.rs#LogicalExport::decode;crates/worlddb-storage-file/src/logical_import.rs#LogicalImportPlan::decode;crates/worlddb-storage-file/src/logical_import.rs#LogicalImportIdentity::decode	crates/worlddb-storage-file/tests/fixtures/m7-16h/exports/logical-export.wdbx;crates/worlddb-storage-file/tests/fixtures/m7-16h/exports/sharing-export.wdbs	import_artifact	rust_storage	M9-04b
engine_ipc_request	ipc_decoder	experiments/ode-002/crates/ode-engine/src/main.rs#serde_json::from_str::<Request>;experiments/ode-002/crates/ode-engine/src/main.rs#read_binary_chunk	policy/fuzz-seeds/engine/request.json	json_request	rust_ode_engine	M9-04a
engine_fact_command	ipc_decoder	experiments/ode-002/crates/ode-engine/src/facts.rs#FactCommand;experiments/ode-002/crates/ode-engine/src/facts.rs#parse_archive_target;experiments/ode-002/crates/ode-engine/src/facts.rs#parse_source_fields;experiments/ode-002/crates/ode-engine/src/facts.rs#parse_evidence_target;experiments/ode-002/crates/ode-engine/src/facts.rs#parse_provenance_endpoint;experiments/ode-002/crates/ode-engine/src/facts.rs#parse_endpoint_record_ref;experiments/ode-002/crates/ode-engine/src/facts.rs#parse_event_draft;experiments/ode-002/crates/ode-engine/src/facts.rs#parse_event_time;experiments/ode-002/crates/ode-engine/src/facts.rs#parse_context;experiments/ode-002/crates/ode-engine/src/facts.rs#parse_mask_selector;experiments/ode-002/crates/ode-engine/src/facts.rs#parse_value;experiments/ode-002/crates/ode-engine/src/facts.rs#parse_validity;experiments/ode-002/crates/ode-engine/src/facts.rs#parse_world_time_selector;experiments/ode-002/crates/ode-engine/src/facts.rs#parse_world_time;experiments/ode-002/crates/ode-engine/src/facts.rs#parse_hex;experiments/ode-002/crates/ode-engine/src/facts.rs#parse_id;experiments/ode-002/crates/ode-engine/src/facts.rs#parse_id	policy/fuzz-seeds/engine/fact-command.json	json_request	rust_ode_engine	M9-04a
engine_schema_command	ipc_decoder	experiments/ode-002/crates/ode-engine/src/schema.rs#SchemaCommand;experiments/ode-002/crates/ode-engine/src/schema.rs#parse_symbol;experiments/ode-002/crates/ode-engine/src/schema.rs#parse_i128	policy/fuzz-seeds/engine/schema-command.json	json_request	rust_ode_engine	M9-04a
engine_branch_layer_command	ipc_decoder	experiments/ode-002/crates/ode-engine/src/branch_layer.rs#BranchLayerCommand;experiments/ode-002/crates/ode-engine/src/branch_layer.rs#HistorySpaceId::from_str;experiments/ode-002/crates/ode-engine/src/branch_layer.rs#LayerId::from_str	policy/fuzz-seeds/engine/branch-layer-command.json	json_request	rust_ode_engine	M9-04a
engine_entity_command	ipc_decoder	experiments/ode-002/crates/ode-engine/src/entity.rs#EntityCommand;experiments/ode-002/crates/ode-engine/src/entity.rs#EntityTypeId::from_str;experiments/ode-002/crates/ode-engine/src/entity.rs#EntityId::from_str	policy/fuzz-seeds/engine/entity-command.json	json_request	rust_ode_engine	M9-04a
engine_perspective_command	ipc_decoder	experiments/ode-002/crates/ode-engine/src/perspective.rs#PerspectiveCommand;experiments/ode-002/crates/ode-engine/src/perspective.rs#parse_perspective_id	policy/fuzz-seeds/engine/perspective-command.json	json_request	rust_ode_engine	M9-04a
engine_security_policy_command	ipc_decoder	experiments/ode-002/crates/ode-engine/src/security_policy.rs#SecurityPolicyCommand;experiments/ode-002/crates/ode-engine/src/security_policy.rs#parse_capability;experiments/ode-002/crates/ode-engine/src/security_policy.rs#parse_id;experiments/ode-002/crates/ode-engine/src/security_policy.rs#parse_id	policy/fuzz-seeds/engine/security-policy-command.json	json_request	rust_ode_engine	M9-04a
engine_history_space_transfer_command	ipc_decoder	experiments/ode-002/crates/ode-engine/src/history_space_transfer.rs#HistorySpaceTransferCommand;experiments/ode-002/crates/ode-engine/src/history_space_transfer.rs#parse_history_space;experiments/ode-002/crates/ode-engine/src/history_space_transfer.rs#parse_content_identity	policy/fuzz-seeds/engine/history-space-transfer-command.json	json_request	rust_ode_engine	M9-04a
engine_query_cursor	ipc_decoder	experiments/ode-002/crates/ode-engine/src/facts.rs#decode_cursor_hex	policy/fuzz-seeds/engine/query-cursor.txt	small_text	rust_ode_engine	M9-04a
engine_job_journal	decoder	experiments/ode-002/crates/ode-engine/src/jobs.rs#from_slice;experiments/ode-002/crates/ode-engine/src/jobs.rs#read_envelope;experiments/ode-002/crates/ode-engine/src/jobs.rs#parse_generation	policy/fuzz-seeds/engine/job-journal.json	json_request	rust_ode_engine	M9-04a
engine_stream_id	decoder	experiments/ode-002/crates/ode-engine/src/lib.rs#decode_stream_id	policy/fuzz-seeds/engine/stream-id.txt	small_text	rust_ode_engine	M9-04a
desktop_sidecar_request_response	ipc_decoder	experiments/ode-002/crates/desktop-shell/src/main.rs#serde_json::from_str::<Response>;experiments/ode-002/crates/ode-engine/src/main.rs#serde_json::from_str::<Request>;experiments/ode-002/crates/desktop-shell/src/main.rs#parse_client_operation_id;experiments/ode-002/crates/desktop-shell/src/main.rs#read_response	policy/fuzz-seeds/desktop/sidecar-response.json	json_request	rust_desktop_shell	M9-04a
desktop_backup_dto	ipc_decoder	experiments/ode-002/crates/desktop-shell/src/backup.rs#BackupRequestV1;experiments/ode-002/crates/desktop-shell/src/backup.rs#CliBackupSummary;experiments/ode-002/crates/desktop-shell/src/backup.rs#BackupProfile::parse;experiments/ode-002/crates/desktop-shell/src/backup.rs#serde_json::from_slice	policy/fuzz-seeds/desktop/backup-request.json	json_request	rust_desktop_shell	M9-04a
desktop_export_import_dto	import_parser	experiments/ode-002/crates/desktop-shell/src/export_import.rs#ExportRequestV1;experiments/ode-002/crates/desktop-shell/src/export_import.rs#ImportPlanRequestV1;experiments/ode-002/crates/desktop-shell/src/export_import.rs#CliSharingExportSummary;experiments/ode-002/crates/desktop-shell/src/export_import.rs#decode_summary;experiments/ode-002/crates/desktop-shell/src/export_import.rs#serde_json::from_slice	policy/fuzz-seeds/desktop/export-import-request.json	import_artifact	rust_desktop_shell	M9-04b
desktop_migration_plan	import_parser	experiments/ode-002/crates/desktop-shell/src/migration.rs#decode_migration_plan;experiments/ode-002/crates/desktop-shell/src/migration.rs#serde_json::from_slice;experiments/ode-002/crates/desktop-shell/src/migration.rs#read_bounded_regular_file	crates/worlddb-storage-file/tests/fixtures/m7-16h/migration/plan.record	import_artifact	rust_desktop_shell	M9-04b
desktop_purge_report	import_parser	experiments/ode-002/crates/desktop-shell/src/purge.rs#serde_json::from_slice::<PurgePlanReport>;experiments/ode-002/crates/desktop-shell/src/purge.rs#decode_summary;experiments/ode-002/crates/desktop-shell/src/purge.rs#read_bounded_report	policy/fuzz-seeds/desktop/purge-report.json	import_artifact	rust_desktop_shell	M9-04b
desktop_transfer_ids	ipc_decoder	experiments/ode-002/crates/desktop-shell/src/transfer.rs#decode_id;experiments/ode-002/crates/desktop-shell/src/host_session.rs#decode_session_id	policy/fuzz-seeds/desktop/transfer-id.txt	small_text	rust_desktop_shell	M9-04a
storage_sharing_export	import_parser	crates/worlddb-storage-file/src/sharing_export.rs#SharingExport::decode	crates/worlddb-storage-file/tests/fixtures/m7-16h/exports/sharing-export.wdbs	import_artifact	rust_storage	M9-04b
