kind_hex	record	extensibility	fields
1001	HistorySpaceDefinition	closed	1:history_space_id;2:optional_parent_history_space_id;3:base_revision
1002	Entity	closed	1:entity_id;2:entity_type_id;3:created_revision
1003	EntityRetirement	closed	1:entity_retirement_id;2:entity_id;3:created_revision
1004	PerspectiveDefinitionRevision	closed	1:perspective_id;2:optional_display_name;3:optional_description;4:recorded_revision
1005	PerspectiveRetirement	closed	1:perspective_retirement_id;2:perspective_id;3:created_revision
1006	LayerDefinition	closed	1:layer_id;2:symbol;3:optional_description;4:precedence_rank_i32_zigzag;5:lifecycle;6:created_schema_revision
1007	LayerSchemaSnapshot	closed	1:schema_revision;2:base_layer_id;3:layer_definitions_array
1008	EntityTypeDefinition	closed	1:entity_type_id;2:symbol;3:optional_description;4:lifecycle;5:created_revision
1009	PredicateDefinition	closed	1:predicate_id;2:symbol;3:subject_constraint;4:value_kind;5:optional_object_constraint;6:cardinality;7:resolution_policy;8:constraints_array;9:optional_decimal_metadata;10:lifecycle;11:created_revision
100a	EventKindDefinition	closed	1:event_kind_id;2:symbol;3:roles_array;4:attributes_array;5:event_time_constraint;6:lifecycle;7:created_revision
100b	MigrationPlan	closed	1:migration_id;2:category;3:ordered_step_ids_array;4:source_schema_revision;5:source_schema_fingerprint_32;6:target_schema_revision;7:target_schema_fingerprint_32;8:transformer_version;9:max_work_units;10:max_memory_bytes;11:plan_fingerprint_32;12:schema_identity_changes_array;13:optional_calendar_shift(timeline_id,proleptic_gregorian_utc_profile,epoch_unix_nanoseconds_i128_be,years,months,days,direction)
100c	MigrationRun	closed	1:migration_run_id;2:migration_id;3:state
100d	MigrationStepCommitIdentity	closed	1:migration_id;2:migration_run_id;3:migration_step_id;4:operation_id
1101	Assertion	closed	1:assertion_id;2:context;3:subject_entity_id;4:predicate_id;5:value;6:polarity;7:assertion_validity;8:created_revision
1102	AssertionValidityClosure	closed	1:closure_id;2:assertion_id;3:close_at_world_time;4:created_revision
1103	AssertionRetraction	closed	1:retraction_id;2:assertion_id;3:reason;4:created_revision
1104	Mask	closed	1:mask_id;2:context;3:closed_mask_selector;4:optional_validity;5:created_revision
1105	MaskValidityClosure	closed	1:closure_id;2:mask_id;3:close_at_world_time;4:created_revision
1106	MaskRetraction	closed	1:retraction_id;2:mask_id;3:reason;4:created_revision
1107	ReplacementBoundary	closed	1:boundary_id;2:context;3:subject_entity_id;4:predicate_id;5:optional_validity;6:created_revision
1108	ReplacementBoundaryValidityClosure	closed	1:closure_id;2:boundary_id;3:close_at_world_time;4:created_revision
1109	ReplacementBoundaryRetraction	closed	1:retraction_id;2:boundary_id;3:reason;4:created_revision
110a	ArchiveTransition	closed	1:archive_transition_id;2:archive_target_record_ref;3:action;4:created_revision
1201	Event	closed	1:event_id;2:history_space_id;3:layer_id;4:event_kind_id;5:participants_array;6:attributes_array;7:event_time;8:created_revision
1202	EventMask	closed	1:event_mask_id;2:history_space_id;3:layer_id;4:target_event_id;5:created_revision
1203	EventSpanClosure	closed	1:closure_id;2:event_id;3:close_at_event_time;4:created_revision
1204	EventRetraction	closed	1:retraction_id;2:event_id;3:reason;4:created_revision
1205	EventMaskRetraction	closed	1:retraction_id;2:event_mask_id;3:reason;4:created_revision
1206	EventRelation	closed	1:event_relation_id;2:from_event_id;3:to_event_id;4:canonical_relation_kind;5:created_revision
1207	EventRelationRetraction	closed	1:retraction_id;2:event_relation_id;3:reason;4:created_revision
1301	Source	closed	1:source_id;2:source_kind_symbol;3:optional_locator;4:optional_content_digest_bytes;5:source_metadata_array;6:created_revision
1302	Evidence	closed	1:evidence_id;2:source_id;3:evidence_target_record_ref;4:relation;5:created_revision
1303	Provenance	closed	1:provenance_id;2:from_record_ref;3:to_record_ref;4:relation;5:created_revision
1304	EvidenceRetraction	closed	1:retraction_id;2:evidence_id;3:reason;4:created_revision
1305	ProvenanceRetraction	closed	1:retraction_id;2:provenance_id;3:reason;4:created_revision
1306	TransferLineage	closed	1:transfer_lineage_id;2:source_history_space_id;3:target_history_space_id;4:source_record_ref;5:target_record_ref;6:created_revision
