tag	variant	id_type
1	Assertion	AssertionId
2	Mask	MaskId
3	ReplacementBoundary	ReplacementBoundaryId
4	Event	EventId
5	EventMask	EventMaskId
6	EventRelation	EventRelationId
7	Source	SourceId
8	Evidence	EvidenceId
9	Provenance	ProvenanceId
10	AssertionValidityClosure	AssertionValidityClosureId
11	AssertionRetraction	AssertionRetractionId
12	MaskValidityClosure	MaskValidityClosureId
13	MaskRetraction	MaskRetractionId
14	ReplacementBoundaryValidityClosure	ReplacementBoundaryValidityClosureId
15	ReplacementBoundaryRetraction	ReplacementBoundaryRetractionId
16	EventSpanClosure	EventSpanClosureId
17	EventRetraction	EventRetractionId
18	EventMaskRetraction	EventMaskRetractionId
19	EventRelationRetraction	EventRelationRetractionId
20	EvidenceRetraction	EvidenceRetractionId
21	ProvenanceRetraction	ProvenanceRetractionId
22	EntityRetirement	EntityRetirementId
23	PerspectiveRetirement	PerspectiveRetirementId
24	ArchiveTransition	ArchiveTransitionId
25	TransferLineage	TransferLineageId
