operation,iteration,elapsed_ns,bytes,peak_rss_bytes
commit_small_warm,0,9448900,64,750739456
commit_small_warm,1,14126400,64,750739456
commit_small_warm,2,14416800,64,750739456
commit_small_warm,3,15998400,64,750739456
commit_small_warm,4,15547300,64,750739456
commit_small_warm,5,12513500,64,750739456
commit_small_warm,6,12986400,64,750739456
commit_small_warm,7,12639800,64,750739456
commit_small_warm,8,15609500,64,750739456
commit_small_warm,9,13092900,64,750739456
commit_small_warm,10,14754700,64,750739456
commit_small_warm,11,13757500,64,750739456
commit_small_warm,12,13581600,64,750739456
commit_small_warm,13,13704800,64,750739456
commit_small_warm,14,13259500,64,750739456
commit_small_warm,15,15493200,64,750739456
commit_small_warm,16,15193700,64,750739456
commit_small_warm,17,13678500,64,750739456
commit_small_warm,18,15950400,64,750739456
commit_small_warm,19,14825600,64,750739456
commit_small_warm,20,14739900,64,750739456
commit_small_warm,21,14135800,64,750739456
commit_small_warm,22,15144500,64,750739456
commit_small_warm,23,13903500,64,750739456
commit_small_warm,24,12177400,64,750739456
commit_small_warm,25,13571100,64,750739456
commit_small_warm,26,14411100,64,750739456
commit_small_warm,27,13665500,64,750739456
commit_small_warm,28,14046300,64,750739456
commit_small_warm,29,13787000,64,750739456
commit_small_warm,30,14614500,64,750739456
commit_small_warm,31,15861600,64,750739456
commit_small_warm,32,15237100,64,750739456
commit_small_warm,33,14100100,64,750739456
commit_small_warm,34,14721400,64,750739456
recovery_large_warm,0,1290269300,360000000,750739456
recovery_large_warm,1,1367172000,360000000,750739456
recovery_large_warm,2,1336304800,360000000,750739456
recovery_large_warm,3,1385300100,360000000,750739456
recovery_large_warm,4,1365784800,360000000,750739456
recovery_large_warm,5,1270693000,360000000,750739456
recovery_large_warm,6,1257012200,360000000,750739456
recovery_large_warm,7,1317650500,360000000,750739456
recovery_large_warm,8,1311861300,360000000,750739456
recovery_large_warm,9,1255972500,360000000,750739456
recovery_large_warm,10,1252724300,360000000,750739456
recovery_large_warm,11,1346483400,360000000,750739456
recovery_large_warm,12,1402045300,360000000,750739456
recovery_large_warm,13,1360112600,360000000,750739456
recovery_large_warm,14,1469672200,360000000,750739456
recovery_large_warm,15,1338763000,360000000,750739456
recovery_large_warm,16,1412886000,360000000,750739456
recovery_large_warm,17,1429861900,360000000,750739456
recovery_large_warm,18,1304735700,360000000,750739456
recovery_large_warm,19,1282229400,360000000,750739456
recovery_large_warm,20,1258651900,360000000,750739456
recovery_large_warm,21,1259186500,360000000,750739456
recovery_large_warm,22,1288619300,360000000,750739456
recovery_large_warm,23,1270889600,360000000,750739456
recovery_large_warm,24,1290977900,360000000,750739456
recovery_large_warm,25,1255872500,360000000,750739456
recovery_large_warm,26,1262628000,360000000,750739456
recovery_large_warm,27,1297284700,360000000,750739456
recovery_large_warm,28,1270120800,360000000,750739456
recovery_large_warm,29,1260185900,360000000,750739456
