# WorldDB verify manifest v1; tab-separated records.
# profile<TAB>name<TAB>default|available<TAB>description
# step<TAB>profile<TAB>id<TAB>run|skip<TAB>program<TAB>space-separated arguments<TAB>skip reason
# Run steps use '-' as the reason field; skipped steps require an explanatory reason.
profile	dev	default	Local development verification on the declared MSRV
step	dev	format-check	run	cargo	fmt --all -- --check	-
step	dev	workspace-check	run	cargo	check --locked --workspace --all-targets	-
step	dev	cli-contract	run	cargo	test --locked -p worlddb-cli --all-targets	-
step	dev	decoder-inventory-smoke	run	cargo	test --locked --package worlddb-core --test decoder_fuzz	-
step	dev	typescript-transport-dependencies	run	pnpm	--dir bindings/typescript install --frozen-lockfile	-
step	dev	typescript-transport-verify	run	pnpm	--dir bindings/typescript verify	-
step	dev	clippy-unsafe-policy	run	cargo	clippy --locked --workspace --all-targets -- -D warnings	-
step	dev	migration-transform-static-policy	run	python	-B -X utf8 tools/check_migration_transform.py	-
step	dev	migration-transform-static-policy-tests	run	python	-B -X utf8 -m unittest discover -s tools -p test_migration_transform_policy.py -v	-
step	dev	workspace-lint-configuration	run	python	-B -X utf8 tools/check_workspace_lints.py	-
step	dev	unsafe-boundary-policy	run	python	-B -X utf8 tools/check_unsafe_policy.py	-
step	dev	exception-policy	run	python	-B -X utf8 tools/check_exceptions.py	-
step	dev	terminology-policy	run	python	-B -X utf8 tools/check_terminology.py	-
step	dev	lint-policy-tests	run	python	-B -X utf8 -m unittest discover -s tools -p test_lint_policy.py -v	-
step	dev	unsafe-negative-test	run	python	-B -X utf8 -m unittest discover -s tools -p test_unsafe_policy.py -v	-
step	dev	dependency-tool-version	run	python	-B -X utf8 tools/check_dependency_tool.py	-
step	dev	dependency-deny	run	cargo-deny	--config .cargo/deny.toml --workspace --locked check all	-
step	dev	dependency-policy	run	python	-B -X utf8 tools/check_dependency_policy.py	-
step	dev	feature-matrix	run	python	-B -X utf8 tools/run_feature_matrix.py	-
step	dev	dependency-feature-tree	run	cargo	tree --locked --workspace --all-features -e features	-
step	dev	dependency-policy-tests	run	python	-B -X utf8 -m unittest discover -s tools -p test_dependency_policy.py -v	-
step	dev	crate-graph	run	python	-B -X utf8 tools/check_crate_graph.py	-
step	dev	crate-graph-tests	run	python	-B -X utf8 -m unittest discover -s tools -p test_crate_graph.py -v	-
step	dev	contract-sources	run	python	-B -X utf8 docs/contract/build_contract_sources.py --verify-only	-
step	dev	contract-docs	run	python	-B -X utf8 docs/contract/verify_contract_docs.py	-
step	dev	native-e2e-suite-contract	run	python	-B -X utf8 tools/check_native_e2e_suite.py	-
step	dev	native-e2e-suite-contract-tests	run	python	-B -X utf8 -m unittest discover -s tools -p test_native_e2e_suite.py -v	-
step	dev	source-check	run	python	-B -X utf8 WorldDB_1.0_Sourcecheck.py	-
step	dev	plan-check	run	python	-B -X utf8 WorldDB_1.0_Plancheck.py	-
step	dev	m6-14a-corpus-manifest	run	python	-B -X utf8 tools/m6-14a/verify_corpus.py --metadata-only	-
step	dev	m6-14a-manifest-tests	run	python	-B -X utf8 -m unittest discover -s tools/m6-14a -p test_*.py -v	-
step	dev	write-record-matrix	run	python	-B -X utf8 tools/check_write_record_matrix.py	-
step	dev	ci-matrix-contract	run	python	-B -X utf8 tools/check_ci_matrix.py	-
step	dev	ci-matrix-contract-tests	run	python	-B -X utf8 -m unittest discover -s tools -p test_ci_matrix.py -v	-
step	dev	ci-job-tests	run	python	-B -X utf8 -m unittest discover -s tools -p test_ci_job.py -v	-
step	dev	testkit-evidence	run	python	-B -X utf8 tools/run_m013_evidence.py	-
step	dev	sqlite-reference-contract	run	cargo	test --locked -p worlddb-testkit --features sqlite-reference	-
step	dev	m5-22-windows-crash-contract	run	cargo	test --locked -p worlddb-storage-file --all-targets	-
step	dev	xtask-tests	run	cargo	test --locked --package xtask	-
step	dev	working-tree-whitespace	run	git	diff --check HEAD	-
step	dev	m4-15-summary-tests	run	python	-B -X utf8 -m unittest discover -s tools/m4-15 -p test_summarize_sync_probe.py -v	-
step	dev	ci-matrix	skip			Added by M0-14.
