scope	invariant_id	class	source_statement	normative_anchor	declared_master_sections	source_candidate_lines	source_context_refs	primary_task	evidence_classes	followup_evidence_tasks	existing_test_or_implementation	owner	test_obligation	source_boundary	approval_status
HARD_SOURCE_GAP	WDB-API-001	HARD	Streamende ist `None`; Konstruktion-, Item-, Cancel- und Budgetfehler sind getrennt.	source_gap_resolution.md#wdb-api-001	§16;§31.5	548	docs/source/WorldDB_Finaler_Vollstaendiger_Plan_vNext.md:548	M3-08	UT		API UT	Luna (task owner of M3-08; implementation evidence); Product Owner (semantic scope)	At M3-08, automated UT evidence must assert the exact statement above and reject a representative violating outcome where one is representable; record the named test and artifact in WorldDB_1.0_Invariantenabdeckung.tsv.	The exact source_statement is the complete confirmed requirement; source_context_refs are context only and do not enlarge its semantics.	APPROVED_2026-09-29;ADR-039
HARD_SOURCE_GAP	WDB-API-002	HARD	Paginationcursor bindet Snapshot und Queryhash.	source_gap_resolution.md#wdb-api-002	§16;§31.5	563	docs/source/WorldDB_Finaler_Vollstaendiger_Plan_vNext.md:563	M3-10a	PT,E2E	M8-26d	PT, E2E	Luna (task owner of M3-10a; implementation evidence); Product Owner (semantic scope)	At M3-10a, automated PT,E2E evidence must assert the exact statement above and reject a representative violating outcome where one is representable; record the named test and artifact in WorldDB_1.0_Invariantenabdeckung.tsv.	The exact source_statement is the complete confirmed requirement; source_context_refs are context only and do not enlarge its semantics.	APPROVED_2026-09-29;ADR-039
HARD_SOURCE_GAP	WDB-API-003	HARD	Ungeordnete Resultate erhalten kanonische Ordnung.	source_gap_resolution.md#wdb-api-003	§16;§31.5	561	docs/source/WorldDB_Finaler_Vollstaendiger_Plan_vNext.md:561	M3-09	PT,CT		PT, CT	Luna (task owner of M3-09; implementation evidence); Product Owner (semantic scope)	At M3-09, automated PT,CT evidence must assert the exact statement above and reject a representative violating outcome where one is representable; record the named test and artifact in WorldDB_1.0_Invariantenabdeckung.tsv.	The exact source_statement is the complete confirmed requirement; source_context_refs are context only and do not enlarge its semantics.	APPROVED_2026-09-29;ADR-039
HARD_SOURCE_GAP	WDB-API-004	HARD	Unvollständige Aggregation wird nie als vollständig markiert.	source_gap_resolution.md#wdb-api-004	§16;§31.5	567	docs/source/WorldDB_Finaler_Vollstaendiger_Plan_vNext.md:567	M3-11	E2E,PF	M6-11,M8-26d	Budget E2E	Luna (task owner of M3-11; implementation evidence); Product Owner (semantic scope)	At M3-11, automated E2E,PF evidence must assert the exact statement above and reject a representative violating outcome where one is representable; record the named test and artifact in WorldDB_1.0_Invariantenabdeckung.tsv.	The exact source_statement is the complete confirmed requirement; source_context_refs are context only and do not enlarge its semantics.	APPROVED_2026-09-29;ADR-039
HARD_SOURCE_GAP	WDB-API-005	HARD	Cursor bindet Snapshot, QueryHash und EngineSession und verfällt beim Engine-Neustart.	source_gap_resolution.md#wdb-api-005	§16;§31.5	565	docs/source/WorldDB_Finaler_Vollstaendiger_Plan_vNext.md:565	M3-10a	E2E,ST	M8-26d	E2E, key rotation tests	Luna (task owner of M3-10a; implementation evidence); Product Owner (semantic scope)	At M3-10a, automated E2E,ST evidence must assert the exact statement above and reject a representative violating outcome where one is representable; record the named test and artifact in WorldDB_1.0_Invariantenabdeckung.tsv.	The exact source_statement is the complete confirmed requirement; source_context_refs are context only and do not enlarge its semantics.	APPROVED_2026-09-29;ADR-039
HARD_SOURCE_GAP	WDB-CON-001	HARD	Genau ein Writer publiziert; N Reader lesen gepinnte Snapshots.	source_gap_resolution.md#wdb-con-001	§19	606	docs/source/WorldDB_Finaler_Vollstaendiger_Plan_vNext.md:606	M4-02	SM,ST		Stress, SM	Luna (task owner of M4-02; implementation evidence); Product Owner (semantic scope)	At M4-02, automated SM,ST evidence must assert the exact statement above and reject a representative violating outcome where one is representable; record the named test and artifact in WorldDB_1.0_Invariantenabdeckung.tsv.	The exact source_statement is the complete confirmed requirement; source_context_refs are context only and do not enlarge its semantics.	APPROVED_2026-09-29;ADR-039
HARD_SOURCE_GAP	WDB-DES-001	HARD	Desktopfrontend kann Storage/Dateisystem nicht außerhalb versionierter IPC umgehen.	source_gap_resolution.md#wdb-des-001	ADR-018	2010	docs/source/WorldDB_Finaler_Vollstaendiger_Plan_vNext.md:2010	M8-09	NI,E2E		E2E security	Luna (task owner of M8-09; implementation evidence); Product Owner (semantic scope)	At M8-09, automated NI,E2E evidence must assert the exact statement above and reject a representative violating outcome where one is representable; record the named test and artifact in WorldDB_1.0_Invariantenabdeckung.tsv.	The exact source_statement is the complete confirmed requirement; source_context_refs are context only and do not enlarge its semantics.	APPROVED_2026-09-29;ADR-039
HARD_SOURCE_GAP	WDB-DES-002	HARD	Core lauscht standardmäßig auf keinem Netzwerkport.	source_gap_resolution.md#wdb-des-002	ADR-018	2011	docs/source/WorldDB_Finaler_Vollstaendiger_Plan_vNext.md:2011	M8-09	E2E		E2E	Luna (task owner of M8-09; implementation evidence); Product Owner (semantic scope)	At M8-09, automated E2E evidence must assert the exact statement above and reject a representative violating outcome where one is representable; record the named test and artifact in WorldDB_1.0_Invariantenabdeckung.tsv.	The exact source_statement is the complete confirmed requirement; source_context_refs are context only and do not enlarge its semantics.	APPROVED_2026-09-29;ADR-039
HARD_SOURCE_GAP	WDB-ENG-004	HARD	`unsafe` ist außerhalb des genehmigten Plattformadapters verboten.	source_gap_resolution.md#wdb-eng-004	§23;§25	686	docs/source/WorldDB_Finaler_Vollstaendiger_Plan_vNext.md:686	M0-11	ST	M9-13b	Workspace lint	Luna (task owner of M0-11; implementation evidence); Product Owner (semantic scope)	At M0-11, automated ST evidence must assert the exact statement above and reject a representative violating outcome where one is representable; record the named test and artifact in WorldDB_1.0_Invariantenabdeckung.tsv.	The exact source_statement is the complete confirmed requirement; source_context_refs are context only and do not enlarge its semantics.	APPROVED_2026-09-29;ADR-039
HARD_SOURCE_GAP	WDB-ENG-005	HARD	Der kanonische Verify-Pfad ist lokal und in CI identisch.	source_gap_resolution.md#wdb-eng-005	§23;§25	700	docs/source/WorldDB_Finaler_Vollstaendiger_Plan_vNext.md:700	M0-14	NI,ST	M9-13b	CI manifest	Luna (task owner of M0-14; implementation evidence); Product Owner (semantic scope)	At M0-14, automated NI,ST evidence must assert the exact statement above and reject a representative violating outcome where one is representable; record the named test and artifact in WorldDB_1.0_Invariantenabdeckung.tsv.	The exact source_statement is the complete confirmed requirement; source_context_refs are context only and do not enlarge its semantics.	APPROVED_2026-09-29;ADR-039
HARD_SOURCE_GAP	WDB-ENG-007	HARD	Crates werden nur nach bestandenem Boundary-Gate extrahiert; der Repositorybaum ist Zielhypothese.	source_gap_resolution.md#wdb-eng-007	§23;§25	714	docs/source/WorldDB_Finaler_Vollstaendiger_Plan_vNext.md:714	M0-09	CR,ST	M9-13b	Crate graph/policy test	Luna (task owner of M0-09; implementation evidence); Product Owner (semantic scope)	At M0-09, automated CR,ST evidence must assert the exact statement above and reject a representative violating outcome where one is representable; record the named test and artifact in WorldDB_1.0_Invariantenabdeckung.tsv.	The exact source_statement is the complete confirmed requirement; source_context_refs are context only and do not enlarge its semantics.	APPROVED_2026-09-29;ADR-039
HARD_SOURCE_GAP	WDB-ERR-006	HARD	Niedrige Errors enthalten Error Facts; SuggestedAction/RecoveryPolicy wird an höherer Boundary entschieden.	source_gap_resolution.md#wdb-err-006	§5	320	docs/source/WorldDB_Finaler_Vollstaendiger_Plan_vNext.md:320	M3-02	CT,ST		Type/API tests	Luna (task owner of M3-02; implementation evidence); Product Owner (semantic scope)	At M3-02, automated CT,ST evidence must assert the exact statement above and reject a representative violating outcome where one is representable; record the named test and artifact in WorldDB_1.0_Invariantenabdeckung.tsv.	The exact source_statement is the complete confirmed requirement; source_context_refs are context only and do not enlarge its semantics.	APPROVED_2026-09-29;ADR-039
HARD_SOURCE_GAP	WDB-EXP-001	HARD	Logical Export manifestiert Scope und ausgelassene Datenklassen.	source_gap_resolution.md#wdb-exp-001	§15.2	538	docs/source/WorldDB_Finaler_Vollstaendiger_Plan_vNext.md:538	M7-11	CT		CT	Luna (task owner of M7-11; implementation evidence); Product Owner (semantic scope)	At M7-11, automated CT evidence must assert the exact statement above and reject a representative violating outcome where one is representable; record the named test and artifact in WorldDB_1.0_Invariantenabdeckung.tsv.	The exact source_statement is the complete confirmed requirement; source_context_refs are context only and do not enlarge its semantics.	APPROVED_2026-09-29;ADR-039
HARD_SOURCE_GAP	WDB-EXP-002	HARD	Import remappt IDs nur über expliziten protokollierten Plan.	source_gap_resolution.md#wdb-exp-002	§15.2	538	docs/source/WorldDB_Finaler_Vollstaendiger_Plan_vNext.md:538	M7-13	PT,E2E		PT, E2E	Luna (task owner of M7-13; implementation evidence); Product Owner (semantic scope)	At M7-13, automated PT,E2E evidence must assert the exact statement above and reject a representative violating outcome where one is representable; record the named test and artifact in WorldDB_1.0_Invariantenabdeckung.tsv.	The exact source_statement is the complete confirmed requirement; source_context_refs are context only and do not enlarge its semantics.	APPROVED_2026-09-29;ADR-039
HARD_SOURCE_GAP	WDB-EXT-001	HARD	1.0 führt keinen untrusted Extensioncode in-process aus.	source_gap_resolution.md#wdb-ext-001	§21	656	docs/source/WorldDB_Finaler_Vollstaendiger_Plan_vNext.md:656	M7-13a	NI,E2E		E2E security	Luna (task owner of M7-13a; implementation evidence); Product Owner (semantic scope)	At M7-13a, automated NI,E2E evidence must assert the exact statement above and reject a representative violating outcome where one is representable; record the named test and artifact in WorldDB_1.0_Invariantenabdeckung.tsv.	The exact source_statement is the complete confirmed requirement; source_context_refs are context only and do not enlarge its semantics.	APPROVED_2026-09-29;ADR-039
HARD_SOURCE_GAP	WDB-ID-004	HARD	BranchId, SchemaVersionId und typgelöschte LifecycleRecordId existieren nicht.	source_gap_resolution.md#wdb-id-004	§3.1	228	docs/source/WorldDB_Finaler_Vollstaendiger_Plan_vNext.md:228	M1-01	CF,CT		CF, API snapshot	Luna (task owner of M1-01; implementation evidence); Product Owner (semantic scope)	At M1-01, automated CF,CT evidence must assert the exact statement above and reject a representative violating outcome where one is representable; record the named test and artifact in WorldDB_1.0_Invariantenabdeckung.tsv.	The exact source_statement is the complete confirmed requirement; source_context_refs are context only and do not enlarge its semantics.	APPROVED_2026-09-29;ADR-039
HARD_SOURCE_GAP	WDB-IDX-001	HARD	Indexresultate sind differential gleich zum Full-Scan-Orakel.	source_gap_resolution.md#wdb-idx-001	§20	618	docs/source/WorldDB_Finaler_Vollstaendiger_Plan_vNext.md:618	M6-13	DF		DF	Luna (task owner of M6-13; implementation evidence); Product Owner (semantic scope)	At M6-13, automated DF evidence must assert the exact statement above and reject a representative violating outcome where one is representable; record the named test and artifact in WorldDB_1.0_Invariantenabdeckung.tsv.	The exact source_statement is the complete confirmed requirement; source_context_refs are context only and do not enlarge its semantics.	APPROVED_2026-09-29;ADR-039
HARD_SOURCE_GAP	WDB-IDX-002	HARD	Staler/fehlender Index liefert nie still unvollständige Daten.	source_gap_resolution.md#wdb-idx-002	§20	618	docs/source/WorldDB_Finaler_Vollstaendiger_Plan_vNext.md:618	M6-01	DF		Fault, DF	Luna (task owner of M6-01; implementation evidence); Product Owner (semantic scope)	At M6-01, automated DF evidence must assert the exact statement above and reject a representative violating outcome where one is representable; record the named test and artifact in WorldDB_1.0_Invariantenabdeckung.tsv.	The exact source_statement is the complete confirmed requirement; source_context_refs are context only and do not enlarge its semantics.	APPROVED_2026-09-29;ADR-039
HARD_SOURCE_GAP	WDB-IDX-003	HARD	Indexgeneration wird atomar vollständig publiziert.	source_gap_resolution.md#wdb-idx-003	§20	632	docs/source/WorldDB_Finaler_Vollstaendiger_Plan_vNext.md:632	M6-07	CR		CR	Luna (task owner of M6-07; implementation evidence); Product Owner (semantic scope)	At M6-07, automated CR evidence must assert the exact statement above and reject a representative violating outcome where one is representable; record the named test and artifact in WorldDB_1.0_Invariantenabdeckung.tsv.	The exact source_statement is the complete confirmed requirement; source_context_refs are context only and do not enlarge its semantics.	APPROVED_2026-09-29;ADR-039
HARD_SOURCE_GAP	WDB-OBS-001	HARD	Telemetriefehler blockieren keine Domainoperation.	source_gap_resolution.md#wdb-obs-001	§18.1	592	docs/source/WorldDB_Finaler_Vollstaendiger_Plan_vNext.md:592	M3-12	ST		Fault test	Luna (task owner of M3-12; implementation evidence); Product Owner (semantic scope)	At M3-12, automated ST evidence must assert the exact statement above and reject a representative violating outcome where one is representable; record the named test and artifact in WorldDB_1.0_Invariantenabdeckung.tsv.	The exact source_statement is the complete confirmed requirement; source_context_refs are context only and do not enlarge its semantics.	APPROVED_2026-09-29;ADR-039
HARD_SOURCE_GAP	WDB-OBS-002	HARD	Logs enthalten standardmäßig keine Values, Querytexte, Pfade oder Principalnamen.	source_gap_resolution.md#wdb-obs-002	§18.1	588	docs/source/WorldDB_Finaler_Vollstaendiger_Plan_vNext.md:588	M3-12	PT,NI		Capture/NI	Luna (task owner of M3-12; implementation evidence); Product Owner (semantic scope)	At M3-12, automated PT,NI evidence must assert the exact statement above and reject a representative violating outcome where one is representable; record the named test and artifact in WorldDB_1.0_Invariantenabdeckung.tsv.	The exact source_statement is the complete confirmed requirement; source_context_refs are context only and do not enlarge its semantics.	APPROVED_2026-09-29;ADR-039
HARD_SOURCE_GAP	WDB-OBS-004	HARD	Nicht klassifizierte Diagnosewerte sind `Omitted`; `Shown` und `Hashed` sind opt-in.	source_gap_resolution.md#wdb-obs-004	§18.1	590	docs/source/WorldDB_Finaler_Vollstaendiger_Plan_vNext.md:590	M3-12	PT,NI		Capture/NI	Luna (task owner of M3-12; implementation evidence); Product Owner (semantic scope)	At M3-12, automated PT,NI evidence must assert the exact statement above and reject a representative violating outcome where one is representable; record the named test and artifact in WorldDB_1.0_Invariantenabdeckung.tsv.	The exact source_statement is the complete confirmed requirement; source_context_refs are context only and do not enlarge its semantics.	APPROVED_2026-09-29;ADR-039
HARD_SOURCE_GAP	WDB-OCC-001	HARD	Write/Write- und relevante Write/Read-Konflikte werden erkannt.	source_gap_resolution.md#wdb-occ-001	§9	406	docs/source/WorldDB_Finaler_Vollstaendiger_Plan_vNext.md:406	M4-06	SM,DF		SM, DF	Luna (task owner of M4-06; implementation evidence); Product Owner (semantic scope)	At M4-06, automated SM,DF evidence must assert the exact statement above and reject a representative violating outcome where one is representable; record the named test and artifact in WorldDB_1.0_Invariantenabdeckung.tsv.	The exact source_statement is the complete confirmed requirement; source_context_refs are context only and do not enlarge its semantics.	APPROVED_2026-09-29;ADR-039
HARD_SOURCE_GAP	WDB-OCC-002	HARD	Range-/Predicate-Dependencies erkennen Phantoms.	source_gap_resolution.md#wdb-occ-002	§9	406	docs/source/WorldDB_Finaler_Vollstaendiger_Plan_vNext.md:406	M4-07	SM,DF		SM, DF	Luna (task owner of M4-07; implementation evidence); Product Owner (semantic scope)	At M4-07, automated SM,DF evidence must assert the exact statement above and reject a representative violating outcome where one is representable; record the named test and artifact in WorldDB_1.0_Invariantenabdeckung.tsv.	The exact source_statement is the complete confirmed requirement; source_context_refs are context only and do not enlarge its semantics.	APPROVED_2026-09-29;ADR-039
HARD_SOURCE_GAP	WDB-OCC-003	HARD	TransactionConflict ist erwartbares Outcome, kein Storagefehler.	source_gap_resolution.md#wdb-occ-003	§9	328	docs/source/WorldDB_Finaler_Vollstaendiger_Plan_vNext.md:328	M4-08	CT		API snapshot	Luna (task owner of M4-08; implementation evidence); Product Owner (semantic scope)	At M4-08, automated CT evidence must assert the exact statement above and reject a representative violating outcome where one is representable; record the named test and artifact in WorldDB_1.0_Invariantenabdeckung.tsv.	The exact source_statement is the complete confirmed requirement; source_context_refs are context only and do not enlarge its semantics.	APPROVED_2026-09-29;ADR-039
HARD_SOURCE_GAP	WDB-PRG-001	HARD	Purge 1.0 ist Offline-Rewrite, kein In-place-History-Umschreiben.	source_gap_resolution.md#wdb-prg-001	§15.3	542	docs/source/WorldDB_Finaler_Vollstaendiger_Plan_vNext.md:542	M7-14	CT,E2E		E2E, CT	Luna (task owner of M7-14; implementation evidence); Product Owner (semantic scope)	At M7-14, automated CT,E2E evidence must assert the exact statement above and reject a representative violating outcome where one is representable; record the named test and artifact in WorldDB_1.0_Invariantenabdeckung.tsv.	The exact source_statement is the complete confirmed requirement; source_context_refs are context only and do not enlarge its semantics.	APPROVED_2026-09-29;ADR-039
HARD_SOURCE_GAP	WDB-PRG-002	HARD	Secure Erase wird für SSD/COW/Backups nicht behauptet.	source_gap_resolution.md#wdb-prg-002	§15.3	544	docs/source/WorldDB_Finaler_Vollstaendiger_Plan_vNext.md:544	M7-15	ST		Documentation test	Luna (task owner of M7-15; implementation evidence); Product Owner (semantic scope)	At M7-15, automated ST evidence must assert the exact statement above and reject a representative violating outcome where one is representable; record the named test and artifact in WorldDB_1.0_Invariantenabdeckung.tsv.	The exact source_statement is the complete confirmed requirement; source_context_refs are context only and do not enlarge its semantics.	APPROVED_2026-09-29;ADR-039
HARD_SOURCE_GAP	WDB-REC-001	HARD	Recovery macht nur vollständig verifizierten committed Präfix sichtbar.	source_gap_resolution.md#wdb-rec-001	§14	499	docs/source/WorldDB_Finaler_Vollstaendiger_Plan_vNext.md:499	M5-11	FZ,CR		CR, FZ	Luna (task owner of M5-11; implementation evidence); Product Owner (semantic scope)	At M5-11, automated FZ,CR evidence must assert the exact statement above and reject a representative violating outcome where one is representable; record the named test and artifact in WorldDB_1.0_Invariantenabdeckung.tsv.	The exact source_statement is the complete confirmed requirement; source_context_refs are context only and do not enlarge its semantics.	APPROVED_2026-09-29;ADR-039
HARD_SOURCE_GAP	WDB-REC-002	HARD	Uncommitted Tail wird niemals als Commit interpretiert.	source_gap_resolution.md#wdb-rec-002	§14	517	docs/source/WorldDB_Finaler_Vollstaendiger_Plan_vNext.md:517	M5-11	CR		CR	Luna (task owner of M5-11; implementation evidence); Product Owner (semantic scope)	At M5-11, automated CR evidence must assert the exact statement above and reject a representative violating outcome where one is representable; record the named test and artifact in WorldDB_1.0_Invariantenabdeckung.tsv.	The exact source_statement is the complete confirmed requirement; source_context_refs are context only and do not enlarge its semantics.	APPROVED_2026-09-29;ADR-039
HARD_SOURCE_GAP	WDB-REC-003	HARD	Korruption im sicheren Bereich wird nicht automatisch repariert.	source_gap_resolution.md#wdb-rec-003	§14	519	docs/source/WorldDB_Finaler_Vollstaendiger_Plan_vNext.md:519	M5-13	PT,CR,E2E	M8-26d	Corruption E2E	Luna (task owner of M5-13; implementation evidence); Product Owner (semantic scope)	At M5-13, automated PT,CR,E2E evidence must assert the exact statement above and reject a representative violating outcome where one is representable; record the named test and artifact in WorldDB_1.0_Invariantenabdeckung.tsv.	The exact source_statement is the complete confirmed requirement; source_context_refs are context only and do not enlarge its semantics.	APPROVED_2026-09-29;ADR-039
HARD_SOURCE_GAP	WDB-REC-004	HARD	Recovery ist über wiederholte Abstürze idempotent.	source_gap_resolution.md#wdb-rec-004	§14	520	docs/source/WorldDB_Finaler_Vollstaendiger_Plan_vNext.md:520	M5-12	CR,ST		Nested crash test	Luna (task owner of M5-12; implementation evidence); Product Owner (semantic scope)	At M5-12, automated CR,ST evidence must assert the exact statement above and reject a representative violating outcome where one is representable; record the named test and artifact in WorldDB_1.0_Invariantenabdeckung.tsv.	The exact source_statement is the complete confirmed requirement; source_context_refs are context only and do not enlarge its semantics.	APPROVED_2026-09-29;ADR-039
HARD_SOURCE_GAP	WDB-REC-005	HARD	Salvage überschreibt nie das Original und berichtet Verluste.	source_gap_resolution.md#wdb-rec-005	§14	524	docs/source/WorldDB_Finaler_Vollstaendiger_Plan_vNext.md:524	M5-14	E2E	M8-26d	E2E	Luna (task owner of M5-14; implementation evidence); Product Owner (semantic scope)	At M5-14, automated E2E evidence must assert the exact statement above and reject a representative violating outcome where one is representable; record the named test and artifact in WorldDB_1.0_Invariantenabdeckung.tsv.	The exact source_statement is the complete confirmed requirement; source_context_refs are context only and do not enlarge its semantics.	APPROVED_2026-09-29;ADR-039
HARD_SOURCE_GAP	WDB-REF-001	HARD	Persistierter/Wire-RecordRef ist eine geschlossene exhaustive Enum.	source_gap_resolution.md#wdb-ref-001	§3.3;§31.2.1	250,278	docs/source/WorldDB_Finaler_Vollstaendiger_Plan_vNext.md:250;docs/source/WorldDB_Finaler_Vollstaendiger_Plan_vNext.md:278	M1-14	CF,CT,FZ	M1-17d,M3-09,M7-13	CF, CT, FZ	Luna (task owner of M1-14; implementation evidence); Product Owner (semantic scope)	At M1-14, automated CF,CT,FZ evidence must assert the exact statement above and reject a representative violating outcome where one is representable; record the named test and artifact in WorldDB_1.0_Invariantenabdeckung.tsv.	The exact source_statement is the complete confirmed requirement; source_context_refs are context only and do not enlarge its semantics.	APPROVED_2026-09-29;ADR-039
HARD_SOURCE_GAP	WDB-REF-002	HARD	Evidence-, Provenance- und Lifecycle-Targets sind validierte RecordRef-Teilmengen.	source_gap_resolution.md#wdb-ref-002	§3.3;§31.2.1	278	docs/source/WorldDB_Finaler_Vollstaendiger_Plan_vNext.md:278	M1-14	PT,FZ		PT, FZ	Luna (task owner of M1-14; implementation evidence); Product Owner (semantic scope)	At M1-14, automated PT,FZ evidence must assert the exact statement above and reject a representative violating outcome where one is representable; record the named test and artifact in WorldDB_1.0_Invariantenabdeckung.tsv.	The exact source_statement is the complete confirmed requirement; source_context_refs are context only and do not enlarge its semantics.	APPROVED_2026-09-29;ADR-039
HARD_SOURCE_GAP	WDB-RES-006	HARD	Resolutionausgabe besitzt deterministische kanonische Ordnung.	source_gap_resolution.md#wdb-res-006	§16;M0-02a supplement	555,561	docs/source/WorldDB_Finaler_Vollstaendiger_Plan_vNext.md:555;docs/source/WorldDB_Finaler_Vollstaendiger_Plan_vNext.md:561	M2-16	PT,CT		PT, CT	Luna (task owner of M2-16; implementation evidence); Product Owner (semantic scope)	At M2-16, automated PT,CT evidence must assert the exact statement above and reject a representative violating outcome where one is representable; record the named test and artifact in WorldDB_1.0_Invariantenabdeckung.tsv.	The confirmed source_statement; clarified only by the existing Master §16 typed-key ordering rule at source line 561. It orders Resolved View contributors and does not rank Outcome variants or change which contributors are selected.	APPROVED_2026-09-29;ADR-039
HARD_SOURCE_GAP	WDB-SEN-002	HARD	Option, Result und Domain-Enum bleiben semantisch getrennt.	source_gap_resolution.md#wdb-sen-002	§3.3	243-245	docs/source/WorldDB_Finaler_Vollstaendiger_Plan_vNext.md:243;docs/source/WorldDB_Finaler_Vollstaendiger_Plan_vNext.md:244;docs/source/WorldDB_Finaler_Vollstaendiger_Plan_vNext.md:245	M1-15	CF,ST		API review, CF	Luna (task owner of M1-15; implementation evidence); Product Owner (semantic scope)	At M1-15, automated CF,ST evidence must assert the exact statement above and reject a representative violating outcome where one is representable; record the named test and artifact in WorldDB_1.0_Invariantenabdeckung.tsv.	The exact source_statement is the complete confirmed requirement; source_context_refs are context only and do not enlarge its semantics.	APPROVED_2026-09-29;ADR-039
HARD_SOURCE_GAP	WDB-STO-001	HARD	Backend publiziert höchstens eine neue Revision atomar.	source_gap_resolution.md#wdb-sto-001	§11;§31.7	431	docs/source/WorldDB_Finaler_Vollstaendiger_Plan_vNext.md:431	M5-01	SM,CT,CR		Contract SM, CR	Luna (task owner of M5-01; implementation evidence); Product Owner (semantic scope)	At M5-01, automated SM,CT,CR evidence must assert the exact statement above and reject a representative violating outcome where one is representable; record the named test and artifact in WorldDB_1.0_Invariantenabdeckung.tsv.	The exact source_statement is the complete confirmed requirement; source_context_refs are context only and do not enlarge its semantics.	APPROVED_2026-09-29;ADR-039
HARD_SOURCE_GAP	WDB-STO-002	HARD	Engine- und Backendgarantien sind getrennt und testbar.	source_gap_resolution.md#wdb-sto-002	§11;§31.7	439	docs/source/WorldDB_Finaler_Vollstaendiger_Plan_vNext.md:439	M5-01	CT		Contract suite	Luna (task owner of M5-01; implementation evidence); Product Owner (semantic scope)	At M5-01, automated CT evidence must assert the exact statement above and reject a representative violating outcome where one is representable; record the named test and artifact in WorldDB_1.0_Invariantenabdeckung.tsv.	The exact source_statement is the complete confirmed requirement; source_context_refs are context only and do not enlarge its semantics.	APPROVED_2026-09-29;ADR-039
HARD_SOURCE_GAP	WDB-STO-003	HARD	Produktionscommit verlangt Machine-Durability.	source_gap_resolution.md#wdb-sto-003	§11;§31.7	432	docs/source/WorldDB_Finaler_Vollstaendiger_Plan_vNext.md:432	M5-01	CR		CR, CP	Luna (task owner of M5-01; implementation evidence); Product Owner (semantic scope)	At M5-01, automated CR evidence must assert the exact statement above and reject a representative violating outcome where one is representable; record the named test and artifact in WorldDB_1.0_Invariantenabdeckung.tsv.	The exact source_statement is the complete confirmed requirement; source_context_refs are context only and do not enlarge its semantics.	APPROVED_2026-09-29;ADR-039
HARD_SOURCE_GAP	WDB-TYP-002	HARD	Handles/Transactions/Snapshots sind nur bei expliziter Semantik klonbar.	source_gap_resolution.md#wdb-typ-002	§3.2;§3.3	239	docs/source/WorldDB_Finaler_Vollstaendiger_Plan_vNext.md:239	M4-10	CF		CF	Luna (task owner of M4-10; implementation evidence); Product Owner (semantic scope)	At M4-10, automated CF evidence must assert the exact statement above and reject a representative violating outcome where one is representable; record the named test and artifact in WorldDB_1.0_Invariantenabdeckung.tsv.	The exact source_statement is the complete confirmed requirement; source_context_refs are context only and do not enlarge its semantics.	APPROVED_2026-09-29;ADR-039
HARD_SOURCE_GAP	WDB-VAL-004	HARD	`Value` besitzt kein globales fachliches `Ord`.	source_gap_resolution.md#wdb-val-004	§3.2	239	docs/source/WorldDB_Finaler_Vollstaendiger_Plan_vNext.md:239	M1-04	CF		CF	Luna (task owner of M1-04; implementation evidence); Product Owner (semantic scope)	At M1-04, automated CF evidence must assert the exact statement above and reject a representative violating outcome where one is representable; record the named test and artifact in WorldDB_1.0_Invariantenabdeckung.tsv.	The exact source_statement is the complete confirmed requirement; source_context_refs are context only and do not enlarge its semantics.	APPROVED_2026-09-29;ADR-039
HARD_SOURCE_GAP	WDB-VAL-005	HARD	Decimal-Scale ist nicht Teil numerischer Identität; Darstellungs-/Messpräzision liegt in Schema/Metadaten.	source_gap_resolution.md#wdb-val-005	§2.3;§12	463	docs/source/WorldDB_Finaler_Vollstaendiger_Plan_vNext.md:463	M1-05	PT,CT		PT, CT	Luna (task owner of M1-05; implementation evidence); Product Owner (semantic scope)	At M1-05, automated PT,CT evidence must assert the exact statement above and reject a representative violating outcome where one is representable; record the named test and artifact in WorldDB_1.0_Invariantenabdeckung.tsv.	The exact source_statement is the complete confirmed requirement; source_context_refs are context only and do not enlarge its semantics.	APPROVED_2026-09-29;ADR-039
HARD_SOURCE_GAP	WDB-VAL-006	HARD	CalendarPeriod ist 1.0 kein Assertion-Value.	source_gap_resolution.md#wdb-val-006	§2.3;§12	469	docs/source/WorldDB_Finaler_Vollstaendiger_Plan_vNext.md:469	M1-04	CF,FZ		CF, Wire FZ	Luna (task owner of M1-04; implementation evidence); Product Owner (semantic scope)	At M1-04, automated CF,FZ evidence must assert the exact statement above and reject a representative violating outcome where one is representable; record the named test and artifact in WorldDB_1.0_Invariantenabdeckung.tsv.	The exact source_statement is the complete confirmed requirement; source_context_refs are context only and do not enlarge its semantics.	APPROVED_2026-09-29;ADR-039
HARD_SOURCE_GAP	WDB-WAL-001	HARD	Commitmarker wird erst nach synchronisiertem Prepare geschrieben.	source_gap_resolution.md#wdb-wal-001	§13	491-492	docs/source/WorldDB_Finaler_Vollstaendiger_Plan_vNext.md:491;docs/source/WorldDB_Finaler_Vollstaendiger_Plan_vNext.md:492	M5-04	CR	M5-12,M5-22	CR	Luna (task owner of M5-04; implementation evidence); Product Owner (semantic scope)	At M5-04, automated CR evidence must assert the exact statement above and reject a representative violating outcome where one is representable; record the named test and artifact in WorldDB_1.0_Invariantenabdeckung.tsv.	The exact source_statement is the complete confirmed requirement; source_context_refs are context only and do not enlarge its semantics.	APPROVED_2026-09-29;ADR-039
HARD_SOURCE_GAP	WDB-WAL-002	HARD	Zweiter WAL-Sync ist Commitpoint.	source_gap_resolution.md#wdb-wal-002	§13	493	docs/source/WorldDB_Finaler_Vollstaendiger_Plan_vNext.md:493	M5-04	CR	M5-12,M5-22	CR	Luna (task owner of M5-04; implementation evidence); Product Owner (semantic scope)	At M5-04, automated CR evidence must assert the exact statement above and reject a representative violating outcome where one is representable; record the named test and artifact in WorldDB_1.0_Invariantenabdeckung.tsv.	The exact source_statement is the complete confirmed requirement; source_context_refs are context only and do not enlarge its semantics.	APPROVED_2026-09-29;ADR-039
HARD_SOURCE_GAP	WDB-WAL-003	HARD	Manifest referenziert nie Daten oberhalb des sicheren WAL-Präfix.	source_gap_resolution.md#wdb-wal-003	§13	499	docs/source/WorldDB_Finaler_Vollstaendiger_Plan_vNext.md:499	M5-07	SM,CR		CR, SM	Luna (task owner of M5-07; implementation evidence); Product Owner (semantic scope)	At M5-07, automated SM,CR evidence must assert the exact statement above and reject a representative violating outcome where one is representable; record the named test and artifact in WorldDB_1.0_Invariantenabdeckung.tsv.	The exact source_statement is the complete confirmed requirement; source_context_refs are context only and do not enlarge its semantics.	APPROVED_2026-09-29;ADR-039
HARD_SOURCE_GAP	WDB-WAL-004	HARD	Historysegmente sind immutable.	source_gap_resolution.md#wdb-wal-004	§13	505	docs/source/WorldDB_Finaler_Vollstaendiger_Plan_vNext.md:505	M5-06	CT,ST	M5-12	Contract test	Luna (task owner of M5-06; implementation evidence); Product Owner (semantic scope)	At M5-06, automated CT,ST evidence must assert the exact statement above and reject a representative violating outcome where one is representable; record the named test and artifact in WorldDB_1.0_Invariantenabdeckung.tsv.	The exact source_statement is the complete confirmed requirement; source_context_refs are context only and do not enlarge its semantics.	APPROVED_2026-09-29;ADR-039
HARD_SOURCE_GAP	WDB-WAL-005	HARD	Publication berücksichtigt Datei- und Verzeichnissync pro Plattform.	source_gap_resolution.md#wdb-wal-005	§13	495-496,503	docs/source/WorldDB_Finaler_Vollstaendiger_Plan_vNext.md:495;docs/source/WorldDB_Finaler_Vollstaendiger_Plan_vNext.md:496;docs/source/WorldDB_Finaler_Vollstaendiger_Plan_vNext.md:503	M5-07	CR		CP, CR	Luna (task owner of M5-07; implementation evidence); Product Owner (semantic scope)	At M5-07, automated CR evidence must assert the exact statement above and reject a representative violating outcome where one is representable; record the named test and artifact in WorldDB_1.0_Invariantenabdeckung.tsv.	The exact source_statement is the complete confirmed requirement; source_context_refs are context only and do not enlarge its semantics.	APPROVED_2026-09-29;ADR-039
HARD_SOURCE_GAP	WDB-WIR-001	HARD	Persistentes Format ist explizit versioniert und serde-implementierungsunabhängig.	source_gap_resolution.md#wdb-wir-001	§12	447	docs/source/WorldDB_Finaler_Vollstaendiger_Plan_vNext.md:447	M1-16	CT		CT	Luna (task owner of M1-16; implementation evidence); Product Owner (semantic scope)	At M1-16, automated CT evidence must assert the exact statement above and reject a representative violating outcome where one is representable; record the named test and artifact in WorldDB_1.0_Invariantenabdeckung.tsv.	The exact source_statement is the complete confirmed requirement; source_context_refs are context only and do not enlarge its semantics.	APPROVED_2026-09-29;ADR-039
HARD_SOURCE_GAP	WDB-WIR-002	HARD	Varints, Felder und Decimal sind kanonisch; alternative Encodings werden abgewiesen.	source_gap_resolution.md#wdb-wir-002	§12	447,462-463,471	docs/source/WorldDB_Finaler_Vollstaendiger_Plan_vNext.md:447;docs/source/WorldDB_Finaler_Vollstaendiger_Plan_vNext.md:462;docs/source/WorldDB_Finaler_Vollstaendiger_Plan_vNext.md:463;docs/source/WorldDB_Finaler_Vollstaendiger_Plan_vNext.md:471	M1-16	PT,FZ		PT, FZ	Luna (task owner of M1-16; implementation evidence); Product Owner (semantic scope)	At M1-16, automated PT,FZ evidence must assert the exact statement above and reject a representative violating outcome where one is representable; record the named test and artifact in WorldDB_1.0_Invariantenabdeckung.tsv.	The exact source_statement is the complete confirmed requirement; source_context_refs are context only and do not enlarge its semantics.	APPROVED_2026-09-29;ADR-039
HARD_SOURCE_GAP	WDB-WIR-004	HARD	TypeScript transportiert i128/u128/Decimal/Revision verlustfrei als Strings.	source_gap_resolution.md#wdb-wir-004	§12	477	docs/source/WorldDB_Finaler_Vollstaendiger_Plan_vNext.md:477	M1-19	PT,E2E	M8-26d	E2E, PT	Luna (task owner of M1-19; implementation evidence); Product Owner (semantic scope)	At M1-19, automated PT,E2E evidence must assert the exact statement above and reject a representative violating outcome where one is representable; record the named test and artifact in WorldDB_1.0_Invariantenabdeckung.tsv.	The exact source_statement is the complete confirmed requirement; source_context_refs are context only and do not enlarge its semantics.	APPROVED_2026-09-29;ADR-039
HARD_SOURCE_GAP	WDB-WIR-005	HARD	Semantische Hard-Limits, Defaultprofile und provisorische Performancegates sind getrennt klassifiziert.	source_gap_resolution.md#wdb-wir-005	§20.2	636-640	docs/source/WorldDB_Finaler_Vollstaendiger_Plan_vNext.md:636;docs/source/WorldDB_Finaler_Vollstaendiger_Plan_vNext.md:637;docs/source/WorldDB_Finaler_Vollstaendiger_Plan_vNext.md:638;docs/source/WorldDB_Finaler_Vollstaendiger_Plan_vNext.md:639;docs/source/WorldDB_Finaler_Vollstaendiger_Plan_vNext.md:640	M1-18	ST	M6-14c	Spec/policy test	Luna (task owner of M1-18; implementation evidence); Product Owner (semantic scope)	At M1-18, automated ST evidence must assert the exact statement above and reject a representative violating outcome where one is representable; record the named test and artifact in WorldDB_1.0_Invariantenabdeckung.tsv.	The exact source_statement is the complete confirmed requirement; source_context_refs are context only and do not enlarge its semantics.	APPROVED_2026-09-29;ADR-039
HIS_STRONGER_MASTER_RULE	WDB-HIS-001	HARD	Veröffentlichte Revisionen steigen monoton und sind eindeutig.	source_gap_resolution.md#confirmed-wdb-his-001	§2.1;§3.1	73,235	docs/source/WorldDB_Finaler_Vollstaendiger_Plan_vNext.md:73;docs/source/WorldDB_Finaler_Vollstaendiger_Plan_vNext.md:235	M2-01	SM,CR	M5-22	M2-01 revision contract; M5-22 crash-prefix evidence	Luna (task owner of M2-01; implementation evidence); Product Owner (semantic scope)	M2-01/M5-22 evidence must cover monotonic gapless published revisions, invisible unpublished reservations, empty Genesis Revision 0, first commit Revision 1, and the unassigned Revision::MAX overflow reserve.	Use the stronger rule text unchanged from immutable Master §§2.1/3.1; preserve the shorter source register statement verbatim and infer no additional revision semantics.	APPROVED_2026-09-29;ADR-039
