invariant_id	class	source_statement	anchor_status	master_lines	binding_keys	m0_02a_status	effective_normative_anchor	decision_record	note
WDB-API-001	HARD	Streamende ist `None`; Konstruktion-, Item-, Cancel- und Budgetfehler sind getrennt.	NORMATIVE_SOURCE_GAP			CLOSED_BY_M0_02A	source_gap_resolution.md#wdb-api-001	ADR-039	No direct WDB-ID reference on any of the 149 bound Master main-text lines; closed by the approved M0-02a supplement.
WDB-API-002	HARD	Paginationcursor bindet Snapshot und Queryhash.	NORMATIVE_SOURCE_GAP			CLOSED_BY_M0_02A	source_gap_resolution.md#wdb-api-002	ADR-039	No direct WDB-ID reference on any of the 149 bound Master main-text lines; closed by the approved M0-02a supplement.
WDB-API-003	HARD	Ungeordnete Resultate erhalten kanonische Ordnung.	NORMATIVE_SOURCE_GAP			CLOSED_BY_M0_02A	source_gap_resolution.md#wdb-api-003	ADR-039	No direct WDB-ID reference on any of the 149 bound Master main-text lines; closed by the approved M0-02a supplement.
WDB-API-004	HARD	Unvollständige Aggregation wird nie als vollständig markiert.	NORMATIVE_SOURCE_GAP			CLOSED_BY_M0_02A	source_gap_resolution.md#wdb-api-004	ADR-039	No direct WDB-ID reference on any of the 149 bound Master main-text lines; closed by the approved M0-02a supplement.
WDB-API-005	HARD	Cursor bindet Snapshot, QueryHash und EngineSession und verfällt beim Engine-Neustart.	NORMATIVE_SOURCE_GAP			CLOSED_BY_M0_02A	source_gap_resolution.md#wdb-api-005	ADR-039	No direct WDB-ID reference on any of the 149 bound Master main-text lines; closed by the approved M0-02a supplement.
WDB-API-006	HARD	Cursorwire enthält ausschließlich public-safe Daten; sensitiver Payload bleibt im bounded Session-State.	ANCHORED	1109	MAIN-L1109	SOURCE_ANCHORED	MAIN-L1109		Direct WDB-ID reference on the listed normalized Master line(s).
WDB-API-007	HARD	Cursor bindet Principal, effektive Capabilities, SecurityEpoch, Snapshot, QueryHash, Session und Expiry.	ANCHORED	563;1109	MAIN-L563;MAIN-L1109	SOURCE_ANCHORED	MAIN-L563;MAIN-L1109		Direct WDB-ID reference on the listed normalized Master line(s).
WDB-API-008	HARD	AuthorizationNow und SecurityEpoch werden vor jeder Seite neu geprüft; relevante Änderung invalidiert den Cursor.	ANCHORED	563;1109	MAIN-L563;MAIN-L1109	SOURCE_ANCHORED	MAIN-L563;MAIN-L1109		Direct WDB-ID reference on the listed normalized Master line(s).
WDB-API-009	HARD	Öffentliche Cursorfehler vereinheitlichen unbekannt, abgelaufen, manipuliert und security-invalidiert, wenn Differenzierung leaken würde.	ANCHORED	563;1109	MAIN-L563;MAIN-L1109	SOURCE_ANCHORED	MAIN-L563;MAIN-L1109		Direct WDB-ID reference on the listed normalized Master line(s).
WDB-AST-001	HARD	Assertion-Records sind immutable.	ANCHORED	120;1154	MAIN-L120;MAIN-L1154	SOURCE_ANCHORED	MAIN-L120;MAIN-L1154		Direct WDB-ID reference on the listed normalized Master line(s).
WDB-AST-002	HARD	Close, Retract und Correct erzeugen neue Lifecycle-/Domain-Records.	ANCHORED	120;1154	MAIN-L120;MAIN-L1154	SOURCE_ANCHORED	MAIN-L120;MAIN-L1154		Direct WDB-ID reference on the listed normalized Master line(s).
WDB-AST-003	HARD	Retraction bedeutet Korrektur auf Transaction Time, nicht World-Time-Ende.	ANCHORED	1154	MAIN-L1154	SOURCE_ANCHORED	MAIN-L1154		Direct WDB-ID reference on the listed normalized Master line(s).
WDB-AUD-001	HARD	Durable-Audit-Policyaktionen sind fail-closed.	ANCHORED	1173	MAIN-L1173	SOURCE_ANCHORED	MAIN-L1173		Direct WDB-ID reference on the listed normalized Master line(s).
WDB-AUD-002	HARD	Audit und Telemetrie besitzen getrennte Retention und Berechtigungen.	ANCHORED	1173	MAIN-L1173	SOURCE_ANCHORED	MAIN-L1173		Direct WDB-ID reference on the listed normalized Master line(s).
WDB-AUD-003	HARD	Auditpflichtige Domain Action und Required Audit Record erreichen atomar denselben Commitpoint.	ANCHORED	600;1173	MAIN-L600;MAIN-L1173	SOURCE_ANCHORED	MAIN-L600;MAIN-L1173		Direct WDB-ID reference on the listed normalized Master line(s).
WDB-AUD-004	HARD	Reines Raw-Read-Audit verwendet eigene AuditSequence/WAL und erzeugt keine WorldDB-Datenrevision.	ANCHORED	1113;1173	MAIN-L1113;MAIN-L1173	SOURCE_ANCHORED	MAIN-L1113;MAIN-L1173		Direct WDB-ID reference on the listed normalized Master line(s).
WDB-AUD-005	HARD	Vor jeder Raw-Read-Seitenausgabe ist RawReadAttempt durable; Auditfehler blockiert Ausgabe.	ANCHORED	1113;1173	MAIN-L1113;MAIN-L1173	SOURCE_ANCHORED	MAIN-L1113;MAIN-L1173		Direct WDB-ID reference on the listed normalized Master line(s).
WDB-AUD-006	HARD	RawReadAttempt bindet Principal, Scope, Snapshot, SecurityEpoch und PageOrdinal ohne sensitive Nutzdaten.	ANCHORED	1113;1173	MAIN-L1113;MAIN-L1173	SOURCE_ANCHORED	MAIN-L1113;MAIN-L1173		Direct WDB-ID reference on the listed normalized Master line(s).
WDB-AUD-007	HARD	Retries besitzen neue AuditOperationId, behalten ClientRequestId und bleiben als Mehrfachversuche sichtbar.	ANCHORED	1115;1173	MAIN-L1115;MAIN-L1173	SOURCE_ANCHORED	MAIN-L1115;MAIN-L1173		Direct WDB-ID reference on the listed normalized Master line(s).
WDB-AUD-008	HARD	Auditwriter ist serialisiert, hält keinen Datenwriter über I/O und wird vor Raw-Reads recovered.	ANCHORED	1117;1173	MAIN-L1117;MAIN-L1173	SOURCE_ANCHORED	MAIN-L1117;MAIN-L1173		Direct WDB-ID reference on the listed normalized Master line(s).
WDB-AUD-009	HARD	Korruption im committed Auditpräfix sperrt auditpflichtige Operationen und wird nicht automatisch repariert.	ANCHORED	1117;1173	MAIN-L1117;MAIN-L1173	SOURCE_ANCHORED	MAIN-L1117;MAIN-L1173		Direct WDB-ID reference on the listed normalized Master line(s).
WDB-AUD-010	HARD	Nur AuditCompleteBackup enthält und verifiziert Auditlog, Auditmanifest und deklarierte audit_safe_sequence.	ANCHORED	532;1117;1173	MAIN-L532;MAIN-L1117;MAIN-L1173	SOURCE_ANCHORED	MAIN-L532;MAIN-L1117;MAIN-L1173		Direct WDB-ID reference on the listed normalized Master line(s).
WDB-AUD-011	HARD	Audit-Retention und -Zugriff sind policy-versioniert, separat autorisiert und selbst auditiert.	ANCHORED	1117;1173	MAIN-L1117;MAIN-L1173	SOURCE_ANCHORED	MAIN-L1117;MAIN-L1173		Direct WDB-ID reference on the listed normalized Master line(s).
WDB-AUD-012	HARD	audit_safe_sequence ist vom WorldDB-safe_revision unabhängig; Raw-Read-Audit erzeugt keine künstliche Datenrevision.	ANCHORED	532;1117;1173	MAIN-L532;MAIN-L1117;MAIN-L1173	SOURCE_ANCHORED	MAIN-L532;MAIN-L1117;MAIN-L1173		Direct WDB-ID reference on the listed normalized Master line(s).
WDB-AUD-013	HARD	Restore eines AuditCompleteBackup recovered Daten- und Auditnamespace separat und gibt Auditoperationen erst nach verifizierter Auditlineage frei.	ANCHORED	534;1117;1173	MAIN-L534;MAIN-L1117;MAIN-L1173	SOURCE_ANCHORED	MAIN-L534;MAIN-L1117;MAIN-L1173		Direct WDB-ID reference on the listed normalized Master line(s).
WDB-BKP-001	HARD	ExactDatabaseBackup enthält alle für den Daten-/Schemasnapshot erforderlichen Bytes und History.	ANCHORED	530	MAIN-L530	SOURCE_ANCHORED	MAIN-L530		Direct WDB-ID reference on the listed normalized Master line(s).
WDB-BKP-002	HARD	Backup gilt erst nach Ziel-Verify als erfolgreich.	ANCHORED	530	MAIN-L530	SOURCE_ANCHORED	MAIN-L530		Direct WDB-ID reference on the listed normalized Master line(s).
WDB-BKP-003	HARD	Restore publiziert nur in ein leeres Ziel und erst nach Recovery/Verify.	ANCHORED	534	MAIN-L534	SOURCE_ANCHORED	MAIN-L534		Direct WDB-ID reference on the listed normalized Master line(s).
WDB-BKP-004	HARD	Backup-Digest beweist Integrität; Authentizität benötigt separat MAC oder Signatur.	ANCHORED	530	MAIN-L530	SOURCE_ANCHORED	MAIN-L530		Direct WDB-ID reference on the listed normalized Master line(s).
WDB-BKP-005	HARD	ExactDatabaseBackup und AuditCompleteBackup sind getrennte Profile; fehlende Auditdaten werden ausdrücklich als `audit_scope=Excluded` manifestiert.	ANCHORED	530;532	MAIN-L530;MAIN-L532	SOURCE_ANCHORED	MAIN-L530;MAIN-L532		Direct WDB-ID reference on the listed normalized Master line(s).
WDB-BRA-001	HARD	Child sieht Parent höchstens bis `base_revision`.	ANCHORED	75;908;1164	MAIN-L75;MAIN-L908;MAIN-L1164	SOURCE_ANCHORED	MAIN-L75;MAIN-L908;MAIN-L1164		Direct WDB-ID reference on the listed normalized Master line(s).
WDB-BRA-002	HARD	Spätere Parent-Commits fließen nicht automatisch in Child.	ANCHORED	75;908;1164	MAIN-L75;MAIN-L908;MAIN-L1164	SOURCE_ANCHORED	MAIN-L75;MAIN-L908;MAIN-L1164		Direct WDB-ID reference on the listed normalized Master line(s).
WDB-BRA-003	HARD	Siblings sind ohne explizite Migration/Merge isoliert.	ANCHORED	76;1164	MAIN-L76;MAIN-L1164	SOURCE_ANCHORED	MAIN-L76;MAIN-L1164		Direct WDB-ID reference on the listed normalized Master line(s).
WDB-BRA-004	HARD	HistorySpace-Operationen ändern keine Schemaidentitäten.	ANCHORED	77;1164	MAIN-L77;MAIN-L1164	SOURCE_ANCHORED	MAIN-L77;MAIN-L1164		Direct WDB-ID reference on the listed normalized Master line(s).
WDB-BRA-005	HARD	HistorySpace ist der einzige Branch-Domain-Typ; `BranchId` existiert nicht.	ANCHORED	1164	MAIN-L1164	SOURCE_ANCHORED	MAIN-L1164		Direct WDB-ID reference on the listed normalized Master line(s).
WDB-CON-001	HARD	Genau ein Writer publiziert; N Reader lesen gepinnte Snapshots.	NORMATIVE_SOURCE_GAP			CLOSED_BY_M0_02A	source_gap_resolution.md#wdb-con-001	ADR-039	No direct WDB-ID reference on any of the 149 bound Master main-text lines; closed by the approved M0-02a supplement.
WDB-CON-002	HARD	Kein Lockguard wird über I/O, Callback, IPC oder await gehalten.	ANCHORED	296;344;350	MAIN-L296;MAIN-L344;MAIN-L350	SOURCE_ANCHORED	MAIN-L296;MAIN-L344;MAIN-L350		Direct WDB-ID reference on the listed normalized Master line(s).
WDB-CON-003	HARD	Queues und Pools besitzen harte Grenzen und Backpressure.	ANCHORED	1171	MAIN-L1171	SOURCE_ANCHORED	MAIN-L1171		Direct WDB-ID reference on the listed normalized Master line(s).
WDB-CON-004	HARD	Cancellation nach Commitpoint macht Commit nicht teilweise rückgängig.	ANCHORED	297;422;1171	MAIN-L297;MAIN-L422;MAIN-L1171	SOURCE_ANCHORED	MAIN-L297;MAIN-L422;MAIN-L1171		Direct WDB-ID reference on the listed normalized Master line(s).
WDB-DEP-001	HARD	Releasebuilds verwenden Lockfile und genehmigte Sources/Lizenzen.	ANCHORED	694;706;710	MAIN-L694;MAIN-L706;MAIN-L710	SOURCE_ANCHORED	MAIN-L694;MAIN-L706;MAIN-L710		Direct WDB-ID reference on the listed normalized Master line(s).
WDB-DEP-002	HARD	Dependencytypen leaken nicht unabsichtlich in stabile Public API.	ANCHORED	710	MAIN-L710	SOURCE_ANCHORED	MAIN-L710		Direct WDB-ID reference on the listed normalized Master line(s).
WDB-DES-001	HARD	Desktopfrontend kann Storage/Dateisystem nicht außerhalb versionierter IPC umgehen.	NORMATIVE_SOURCE_GAP			CLOSED_BY_M0_02A	source_gap_resolution.md#wdb-des-001	ADR-039	No direct WDB-ID reference on any of the 149 bound Master main-text lines; closed by the approved M0-02a supplement.
WDB-DES-002	HARD	Core lauscht standardmäßig auf keinem Netzwerkport.	NORMATIVE_SOURCE_GAP			CLOSED_BY_M0_02A	source_gap_resolution.md#wdb-des-002	ADR-039	No direct WDB-ID reference on any of the 149 bound Master main-text lines; closed by the approved M0-02a supplement.
WDB-ENG-001	HARD	Core hängt nicht von UI, konkretem Storage oder Observability-Adapter ab.	ANCHORED	351	MAIN-L351	SOURCE_ANCHORED	MAIN-L351		Direct WDB-ID reference on the listed normalized Master line(s).
WDB-ENG-002	HARD	Core-Domainerrors verwenden keine universelle Error-Erasure.	ANCHORED	694	MAIN-L694	SOURCE_ANCHORED	MAIN-L694		Direct WDB-ID reference on the listed normalized Master line(s).
WDB-ENG-003	HARD	Produktionspfade paniken nicht auf falliblen Fremddaten.	ANCHORED	292;294;296;297	MAIN-L292;MAIN-L294;MAIN-L296;MAIN-L297	SOURCE_ANCHORED	MAIN-L292;MAIN-L294;MAIN-L296;MAIN-L297		Direct WDB-ID reference on the listed normalized Master line(s).
WDB-ENG-004	HARD	`unsafe` ist außerhalb des genehmigten Plattformadapters verboten.	NORMATIVE_SOURCE_GAP			CLOSED_BY_M0_02A	source_gap_resolution.md#wdb-eng-004	ADR-039	No direct WDB-ID reference on any of the 149 bound Master main-text lines; closed by the approved M0-02a supplement.
WDB-ENG-005	HARD	Der kanonische Verify-Pfad ist lokal und in CI identisch.	NORMATIVE_SOURCE_GAP			CLOSED_BY_M0_02A	source_gap_resolution.md#wdb-eng-005	ADR-039	No direct WDB-ID reference on any of the 149 bound Master main-text lines; closed by the approved M0-02a supplement.
WDB-ENG-006	GUARDED	Lokale Lint-Ausnahme besitzt ID, Owner, Grund und Ablaufdatum.	NORMATIVE_SOURCE_GAP			OPEN_GUARDED			No direct WDB-ID reference on any of the 149 bound Master main-text lines.
WDB-ENG-007	HARD	Crates werden nur nach bestandenem Boundary-Gate extrahiert; der Repositorybaum ist Zielhypothese.	NORMATIVE_SOURCE_GAP			CLOSED_BY_M0_02A	source_gap_resolution.md#wdb-eng-007	ADR-039	No direct WDB-ID reference on any of the 149 bound Master main-text lines; closed by the approved M0-02a supplement.
WDB-EPI-001	HARD	WorldState, Knows, Believes und Claims implizieren einander nicht automatisch.	ANCHORED	131;140;141;146;1165	MAIN-L131;MAIN-L140;MAIN-L141;MAIN-L146;MAIN-L1165	SOURCE_ANCHORED	MAIN-L131;MAIN-L140;MAIN-L141;MAIN-L146;MAIN-L1165		Direct WDB-ID reference on the listed normalized Master line(s).
WDB-EPI-002	HARD	Fehlendes Knows/Believes und negiertes Knows/Believes bleiben verschieden.	ANCHORED	142;143;144;145;1165	MAIN-L142;MAIN-L143;MAIN-L144;MAIN-L145;MAIN-L1165	SOURCE_ANCHORED	MAIN-L142;MAIN-L143;MAIN-L144;MAIN-L145;MAIN-L1165		Direct WDB-ID reference on the listed normalized Master line(s).
WDB-EPI-003	HARD	PerspectiveId und PrincipalId sind nicht austauschbar.	ANCHORED	131;1165	MAIN-L131;MAIN-L1165	SOURCE_ANCHORED	MAIN-L131;MAIN-L1165		Direct WDB-ID reference on the listed normalized Master line(s).
WDB-ERR-001	HARD	`Display`, `Debug`, `Hash`, `Eq`, `Ord`, `Drop` haben keine fachlichen Side Effects.	ANCHORED	322	MAIN-L322	SOURCE_ANCHORED	MAIN-L322		Direct WDB-ID reference on the listed normalized Master line(s).
WDB-ERR-002	HARD	Öffentliche Errors enthalten stabile Codes und keine geheimen Ursachen.	ANCHORED	322	MAIN-L322	SOURCE_ANCHORED	MAIN-L322		Direct WDB-ID reference on the listed normalized Master line(s).
WDB-ERR-003	HARD	`source()` erhält interne Ursachen ohne sie öffentlich zu serialisieren.	ANCHORED	322	MAIN-L322	SOURCE_ANCHORED	MAIN-L322		Direct WDB-ID reference on the listed normalized Master line(s).
WDB-ERR-004	HARD	`Debug` öffentlicher/operativer Errors respektiert dieselbe Leak-Grenze wie `Display`.	ANCHORED	322	MAIN-L322	SOURCE_ANCHORED	MAIN-L322		Direct WDB-ID reference on the listed normalized Master line(s).
WDB-ERR-005	HARD	Security-, Recovery-, Retry- und Public-API-Mappings sind exhaustive und besitzen keinen semantischen Catch-all.	ANCHORED	336	MAIN-L336	SOURCE_ANCHORED	MAIN-L336		Direct WDB-ID reference on the listed normalized Master line(s).
WDB-ERR-006	HARD	Niedrige Errors enthalten Error Facts; SuggestedAction/RecoveryPolicy wird an höherer Boundary entschieden.	NORMATIVE_SOURCE_GAP			CLOSED_BY_M0_02A	source_gap_resolution.md#wdb-err-006	ADR-039	No direct WDB-ID reference on any of the 149 bound Master main-text lines; closed by the approved M0-02a supplement.
WDB-EVI-001	HARD	Evidence verändert Resolution nicht automatisch.	ANCHORED	133;1161	MAIN-L133;MAIN-L1161	SOURCE_ANCHORED	MAIN-L133;MAIN-L1161		Direct WDB-ID reference on the listed normalized Master line(s).
WDB-EVI-002	HARD	Evidence ist projektweite immutable Meta-History ohne eigene World-Time-Validity.	ANCHORED	1044;1161	MAIN-L1044;MAIN-L1161	SOURCE_ANCHORED	MAIN-L1044;MAIN-L1161		Direct WDB-ID reference on the listed normalized Master line(s).
WDB-EVI-003	HARD	RecordedAsOf filtert Evidence nach Erzeugungs-/Retraction-Revision.	ANCHORED	1044;1161	MAIN-L1044;MAIN-L1161	SOURCE_ANCHORED	MAIN-L1044;MAIN-L1161		Direct WDB-ID reference on the listed normalized Master line(s).
WDB-EVI-004	HARD	base_revision beschneidet Targetsichtbarkeit, nicht die globale Evidence-History.	ANCHORED	1044;1161	MAIN-L1044;MAIN-L1161	SOURCE_ANCHORED	MAIN-L1044;MAIN-L1161		Direct WDB-ID reference on the listed normalized Master line(s).
WDB-EVI-005	HARD	Evidence wird nur ausgegeben, wenn Target und Sourcefelder autorisiert sichtbar sind.	ANCHORED	1044;1161	MAIN-L1044;MAIN-L1161	SOURCE_ANCHORED	MAIN-L1044;MAIN-L1161		Direct WDB-ID reference on the listed normalized Master line(s).
WDB-EVI-006	HARD	Evidence darf historische/retracted Targets dokumentieren, reaktiviert sie aber nicht.	ANCHORED	1046;1161	MAIN-L1046;MAIN-L1161	SOURCE_ANCHORED	MAIN-L1046;MAIN-L1161		Direct WDB-ID reference on the listed normalized Master line(s).
WDB-EVI-007	HARD	Aktive Evidence-Duplikate gleichen Source/Target/Relation-Tupels sind unzulässig.	ANCHORED	1046;1161	MAIN-L1046;MAIN-L1161	SOURCE_ANCHORED	MAIN-L1046;MAIN-L1161		Direct WDB-ID reference on the listed normalized Master line(s).
WDB-EVT-001	HARD	Event und Assertion sind getrennte First-Class-Records.	ANCHORED	132;1157	MAIN-L132;MAIN-L1157	SOURCE_ANCHORED	MAIN-L132;MAIN-L1157		Direct WDB-ID reference on the listed normalized Master line(s).
WDB-EVT-002	HARD	Event erzeugt keine automatische Assertion/Inference.	ANCHORED	132;1157	MAIN-L132;MAIN-L1157	SOURCE_ANCHORED	MAIN-L132;MAIN-L1157		Direct WDB-ID reference on the listed normalized Master line(s).
WDB-EVT-003	HARD	EventMask cascadiert nicht automatisch zu Assertions.	ANCHORED	917;1157;1159	MAIN-L917;MAIN-L1157;MAIN-L1159	SOURCE_ANCHORED	MAIN-L917;MAIN-L1157;MAIN-L1159		Direct WDB-ID reference on the listed normalized Master line(s).
WDB-EVT-004	HARD	Participants verwenden ausschließlich im EventKind erlaubte Rollen.	ANCHORED	1006;1157	MAIN-L1006;MAIN-L1157	SOURCE_ANCHORED	MAIN-L1006;MAIN-L1157		Direct WDB-ID reference on the listed normalized Master line(s).
WDB-EVT-005	HARD	Role Cardinality und Required-Rollen werden strukturell validiert.	ANCHORED	1007;1157	MAIN-L1007;MAIN-L1157	SOURCE_ANCHORED	MAIN-L1007;MAIN-L1157		Direct WDB-ID reference on the listed normalized Master line(s).
WDB-EVT-006	HARD	Participant-Reihenfolge ist bedeutungslos; identische Role/Entity-Paare sind unzulässige Duplikate.	ANCHORED	1008;1009;1157	MAIN-L1008;MAIN-L1009;MAIN-L1157	SOURCE_ANCHORED	MAIN-L1008;MAIN-L1009;MAIN-L1157		Direct WDB-ID reference on the listed normalized Master line(s).
WDB-EVT-007	HARD	EventKind-Schema bestimmt erlaubte/erforderliche Rollen, Attribute, Typen und Zeitconstraint.	ANCHORED	1010;1011;1157	MAIN-L1010;MAIN-L1011;MAIN-L1157	SOURCE_ANCHORED	MAIN-L1010;MAIN-L1011;MAIN-L1157		Direct WDB-ID reference on the listed normalized Master line(s).
WDB-EVT-008	HARD	EventTime ist Instant oder halb-offener Span; offene Spans schließen nur durch EventSpanClosure.	ANCHORED	1012;1013;1157	MAIN-L1012;MAIN-L1013;MAIN-L1157	SOURCE_ANCHORED	MAIN-L1012;MAIN-L1013;MAIN-L1157		Direct WDB-ID reference on the listed normalized Master line(s).
WDB-EVT-009	HARD	Gleiche WorldTime erzeugt keine implizite Eventordnung.	ANCHORED	1014;1157	MAIN-L1014;MAIN-L1157	SOURCE_ANCHORED	MAIN-L1014;MAIN-L1157		Direct WDB-ID reference on the listed normalized Master line(s).
WDB-EVT-010	HARD	Die Engine dedupliziert Events nicht automatisch.	ANCHORED	1015;1157	MAIN-L1015;MAIN-L1157	SOURCE_ANCHORED	MAIN-L1015;MAIN-L1157		Direct WDB-ID reference on the listed normalized Master line(s).
WDB-EVT-011	HARD	Witness impliziert kein Wissen; subjektive Erinnerung/Behauptung ist kein perspektivisches Event.	ANCHORED	1016;1017;1157	MAIN-L1016;MAIN-L1017;MAIN-L1157	SOURCE_ANCHORED	MAIN-L1016;MAIN-L1017;MAIN-L1157		Direct WDB-ID reference on the listed normalized Master line(s).
WDB-EVT-012	HARD	Eventkorrektur erzeugt neuen Event plus Corrects und mutiert/retractet nicht implizit.	ANCHORED	1018;1157	MAIN-L1018;MAIN-L1157	SOURCE_ANCHORED	MAIN-L1018;MAIN-L1157		Direct WDB-ID reference on the listed normalized Master line(s).
WDB-EVT-013	HARD	EventMask ist keine Retraction, nimmt Wirkungen nicht zurück und cascadiert nicht.	ANCHORED	183;1019;1020;1157;1159	MAIN-L183;MAIN-L1019;MAIN-L1020;MAIN-L1157;MAIN-L1159	SOURCE_ANCHORED	MAIN-L183;MAIN-L1019;MAIN-L1020;MAIN-L1157;MAIN-L1159		Direct WDB-ID reference on the listed normalized Master line(s).
WDB-EVT-014	HARD	EventRelation ist ein eigener immutable Record mit Before/After/SameTime/Causes.	ANCHORED	1038;1157;1158	MAIN-L1038;MAIN-L1157;MAIN-L1158	SOURCE_ANCHORED	MAIN-L1038;MAIN-L1157;MAIN-L1158		Direct WDB-ID reference on the listed normalized Master line(s).
WDB-EVT-015	HARD	Zeitwerte inferieren keine Eventrelation; Causes entsteht niemals aus zeitlicher Nähe.	ANCHORED	1038;1157;1158	MAIN-L1038;MAIN-L1157;MAIN-L1158	SOURCE_ANCHORED	MAIN-L1038;MAIN-L1157;MAIN-L1158		Direct WDB-ID reference on the listed normalized Master line(s).
WDB-EVT-016	HARD	Event-Self-Relations sind unzulässig; SameTime wird symmetrisch kanonisiert.	ANCHORED	1036;1157;1158	MAIN-L1036;MAIN-L1157;MAIN-L1158	SOURCE_ANCHORED	MAIN-L1036;MAIN-L1157;MAIN-L1158		Direct WDB-ID reference on the listed normalized Master line(s).
WDB-EVT-017	HARD	Der normalisierte Before-Graph und der separate Causes-Graph sind azyklisch; aktive Duplikatkanten sind unzulässig.	ANCHORED	1036;1157;1158	MAIN-L1036;MAIN-L1157;MAIN-L1158	SOURCE_ANCHORED	MAIN-L1036;MAIN-L1157;MAIN-L1158		Direct WDB-ID reference on the listed normalized Master line(s).
WDB-EVT-018	HARD	EventRelation besitzt keine World-Time-Validity und wird nur durch konkreten Retraction-Record korrigiert.	ANCHORED	1038;1157;1158	MAIN-L1038;MAIN-L1157;MAIN-L1158	SOURCE_ANCHORED	MAIN-L1038;MAIN-L1157;MAIN-L1158		Direct WDB-ID reference on the listed normalized Master line(s).
WDB-EVT-019	HARD	`After(A,B)` ist nur Eingabealias und wird vor Equality/Persistenz zu `Before(B,A)` normalisiert; After wird nicht persistiert.	ANCHORED	1034;1158	MAIN-L1034;MAIN-L1158	SOURCE_ANCHORED	MAIN-L1034;MAIN-L1158		Direct WDB-ID reference on the listed normalized Master line(s).
WDB-EVT-020	HARD	SameTime wird als geordnetes EventId-Paar kanonisiert und als Äquivalenzrelation ausgewertet, ohne transitive Records zu materialisieren.	ANCHORED	1034;1158	MAIN-L1034;MAIN-L1158	SOURCE_ANCHORED	MAIN-L1034;MAIN-L1158		Direct WDB-ID reference on the listed normalized Master line(s).
WDB-EVT-021	HARD	Duplikatprüfung verwendet ausschließlich den normalisierten Relation-Key und erfasst dadurch inverse Before/After-Duplikate.	ANCHORED	1034;1158	MAIN-L1034;MAIN-L1158	SOURCE_ANCHORED	MAIN-L1034;MAIN-L1158		Direct WDB-ID reference on the listed normalized Master line(s).
WDB-EVT-022	HARD	Der Before-Graph ist nach SameTime-Komponentenkollaps azyklisch; Before innerhalb einer Komponente und SameTime über einen Before-Pfad sind Konflikte.	ANCHORED	1036;1158	MAIN-L1036;MAIN-L1158	SOURCE_ANCHORED	MAIN-L1036;MAIN-L1158		Direct WDB-ID reference on the listed normalized Master line(s).
WDB-EVT-023	HARD	Causes ist zeitlich orthogonal, impliziert kein Before und besitzt nur seine separate Self-/Duplikat-/Zyklusprüfung, sofern Schema keinen strengeren Constraint setzt.	ANCHORED	1038;1158	MAIN-L1038;MAIN-L1158	SOURCE_ANCHORED	MAIN-L1038;MAIN-L1158		Direct WDB-ID reference on the listed normalized Master line(s).
WDB-EXP-001	HARD	Logical Export manifestiert Scope und ausgelassene Datenklassen.	NORMATIVE_SOURCE_GAP			CLOSED_BY_M0_02A	source_gap_resolution.md#wdb-exp-001	ADR-039	No direct WDB-ID reference on any of the 149 bound Master main-text lines; closed by the approved M0-02a supplement.
WDB-EXP-002	HARD	Import remappt IDs nur über expliziten protokollierten Plan.	NORMATIVE_SOURCE_GAP			CLOSED_BY_M0_02A	source_gap_resolution.md#wdb-exp-002	ADR-039	No direct WDB-ID reference on any of the 149 bound Master main-text lines; closed by the approved M0-02a supplement.
WDB-EXT-001	HARD	1.0 führt keinen untrusted Extensioncode in-process aus.	NORMATIVE_SOURCE_GAP			CLOSED_BY_M0_02A	source_gap_resolution.md#wdb-ext-001	ADR-039	No direct WDB-ID reference on any of the 149 bound Master main-text lines; closed by the approved M0-02a supplement.
WDB-HIS-001	HARD	Veröffentlichte Revisionen steigen monoton und sind eindeutig.	ANCHORED	73;235;907	MAIN-L73;MAIN-L235;MAIN-L907	CONFIRMED_STRONGER_MASTER_RULE	source_gap_resolution.md#confirmed-wdb-his-001;MAIN-L73;MAIN-L235	ADR-039	Product Owner confirmed the stronger Master §§2.1/3.1 rule in ADR-039; preserve this shorter register statement verbatim for source comparison.
WDB-HIS-002	HARD	Revision ist Transaction Time und bestimmt keine fachliche Precedence.	ANCHORED	907	MAIN-L907	SOURCE_ANCHORED	MAIN-L907		Direct WDB-ID reference on the listed normalized Master line(s).
WDB-HIS-003	HARD	Committed History wird nur durch expliziten Offline-Purge physisch entfernt.	ANCHORED	907	MAIN-L907	SOURCE_ANCHORED	MAIN-L907		Direct WDB-ID reference on the listed normalized Master line(s).
WDB-HIS-004	HARD	Historical Query bindet Daten- und Schema-Snapshot reproduzierbar.	ANCHORED	74;907	MAIN-L74;MAIN-L907	SOURCE_ANCHORED	MAIN-L74;MAIN-L907		Direct WDB-ID reference on the listed normalized Master line(s).
WDB-ID-001	HARD	Domänen-IDs sind nicht vertauschbare Newtypes.	ANCHORED	1152	MAIN-L1152	SOURCE_ANCHORED	MAIN-L1152		Direct WDB-ID reference on the listed normalized Master line(s).
WDB-ID-002	HARD	IDs sind 128 Bit; Zero und All-FF sind ungültig.	ANCHORED	232;233;1152	MAIN-L232;MAIN-L233;MAIN-L1152	SOURCE_ANCHORED	MAIN-L232;MAIN-L233;MAIN-L1152		Direct WDB-ID reference on the listed normalized Master line(s).
WDB-ID-003	HARD	ID-Zeitanteile definieren keine fachliche Zeit oder Authentizität.	ANCHORED	234	MAIN-L234	SOURCE_ANCHORED	MAIN-L234		Direct WDB-ID reference on the listed normalized Master line(s).
WDB-ID-004	HARD	BranchId, SchemaVersionId und typgelöschte LifecycleRecordId existieren nicht.	NORMATIVE_SOURCE_GAP			CLOSED_BY_M0_02A	source_gap_resolution.md#wdb-id-004	ADR-039	No direct WDB-ID reference on any of the 149 bound Master main-text lines; closed by the approved M0-02a supplement.
WDB-IDX-001	HARD	Indexresultate sind differential gleich zum Full-Scan-Orakel.	NORMATIVE_SOURCE_GAP			CLOSED_BY_M0_02A	source_gap_resolution.md#wdb-idx-001	ADR-039	No direct WDB-ID reference on any of the 149 bound Master main-text lines; closed by the approved M0-02a supplement.
WDB-IDX-002	HARD	Staler/fehlender Index liefert nie still unvollständige Daten.	NORMATIVE_SOURCE_GAP			CLOSED_BY_M0_02A	source_gap_resolution.md#wdb-idx-002	ADR-039	No direct WDB-ID reference on any of the 149 bound Master main-text lines; closed by the approved M0-02a supplement.
WDB-IDX-003	HARD	Indexgeneration wird atomar vollständig publiziert.	NORMATIVE_SOURCE_GAP			CLOSED_BY_M0_02A	source_gap_resolution.md#wdb-idx-003	ADR-039	No direct WDB-ID reference on any of the 149 bound Master main-text lines; closed by the approved M0-02a supplement.
WDB-LAY-001	HARD	Jeder layerfähige Record trägt genau eine LayerId; Layer ist orthogonal zu HistorySpace, Perspective und Security.	ANCHORED	1163	MAIN-L1163	SOURCE_ANCHORED	MAIN-L1163		Direct WDB-ID reference on the listed normalized Master line(s).
WDB-LAY-002	HARD	ContextPrecedence ordnet HistorySpace-Spezifität vor LayerRank; Perspective/EpistemicMode sind keine Ränge.	ANCHORED	139;1163	MAIN-L139;MAIN-L1163	SOURCE_ANCHORED	MAIN-L139;MAIN-L1163		Direct WDB-ID reference on the listed normalized Master line(s).
WDB-LAY-003	HARD	Masking überschreitet weder Perspective- noch EpistemicMode-Partitionen.	ANCHORED	1163	MAIN-L1163	SOURCE_ANCHORED	MAIN-L1163		Direct WDB-ID reference on the listed normalized Master line(s).
WDB-LAY-004	HARD	Layerrechte verändern keine fachliche Precedence.	ANCHORED	1163	MAIN-L1163	SOURCE_ANCHORED	MAIN-L1163		Direct WDB-ID reference on the listed normalized Master line(s).
WDB-LAY-005	HARD	Jeder wirksame historische Schemastand bezeichnet genau einen aktiven Base-Layer.	ANCHORED	91;1163	MAIN-L91;MAIN-L1163	SOURCE_ANCHORED	MAIN-L91;MAIN-L1163		Direct WDB-ID reference on the listed normalized Master line(s).
WDB-LAY-006	HARD	LayerDefinition folgt `Active → Deprecated → Retired`; Retirement verhindert neue Records, erhält aber Definition und historische Records.	ANCHORED	1163	MAIN-L1163	SOURCE_ANCHORED	MAIN-L1163		Direct WDB-ID reference on the listed normalized Master line(s).
WDB-LAY-007	HARD	`base_layer_id` ist historisierte Projektschemadaten und weder hardcodierte ID noch Name.	ANCHORED	91;1163	MAIN-L91;MAIN-L1163	SOURCE_ANCHORED	MAIN-L91;MAIN-L1163		Direct WDB-ID reference on the listed normalized Master line(s).
WDB-LAY-008	HARD	Der bezeichnete Base-Layer besitzt den eindeutig niedrigsten aktiven PrecedenceRank und kann während der Bezeichnung nicht deprecated/retired sein.	ANCHORED	91;1163	MAIN-L91;MAIN-L1163	SOURCE_ANCHORED	MAIN-L91;MAIN-L1163		Direct WDB-ID reference on the listed normalized Master line(s).
WDB-LAY-009	HARD	Jeder persistierte layerfähige Record trägt eine ausdrückliche LayerId; Decoder, Import und Storage setzen nie still den Base-Layer ein.	ANCHORED	93;1163	MAIN-L93;MAIN-L1163	SOURCE_ANCHORED	MAIN-L93;MAIN-L1163		Direct WDB-ID reference on the listed normalized Master line(s).
WDB-LAY-010	HARD	Base-Layer-Wechsel ist eine atomare Schemaänderung, erhält historische Bezeichnungen und verschiebt keine Records automatisch.	ANCHORED	95;1163	MAIN-L95;MAIN-L1163	SOURCE_ANCHORED	MAIN-L95;MAIN-L1163		Direct WDB-ID reference on the listed normalized Master line(s).
WDB-LAY-011	HARD	LayerSelection ist `BaseOnly | AllActive | Explicit`; BaseOnly wird gegen den gepinnten Query-Schemasnapshot aufgelöst.	ANCHORED	93;1163	MAIN-L93;MAIN-L1163	SOURCE_ANCHORED	MAIN-L93;MAIN-L1163		Direct WDB-ID reference on the listed normalized Master line(s).
WDB-LFC-001	HARD	Close Validity, Retraction, Archive und Purge sind getrennte Record-/Operationsverträge.	ANCHORED	186;187;1168	MAIN-L186;MAIN-L187;MAIN-L1168	SOURCE_ANCHORED	MAIN-L186;MAIN-L187;MAIN-L1168		Direct WDB-ID reference on the listed normalized Master line(s).
WDB-LFC-002	HARD	Jeder Lifecycle-Record besitzt eine konkrete getypte ID und ist über RecordRef referenzierbar.	ANCHORED	1168	MAIN-L1168	SOURCE_ANCHORED	MAIN-L1168		Direct WDB-ID reference on the listed normalized Master line(s).
WDB-MIG-001	HARD	Migration überschreibt keine committed History.	ANCHORED	193;1167	MAIN-L193;MAIN-L1167	SOURCE_ANCHORED	MAIN-L193;MAIN-L1167		Direct WDB-ID reference on the listed normalized Master line(s).
WDB-MIG-002	HARD	Restrictive/Breaking besitzen Dry Run.	ANCHORED	194;1167	MAIN-L194;MAIN-L1167	SOURCE_ANCHORED	MAIN-L194;MAIN-L1167		Direct WDB-ID reference on the listed normalized Master line(s).
WDB-MIG-003	HARD	Breaking verlangt Adminaktion und standardmäßig Restore Point.	ANCHORED	194;1167	MAIN-L194;MAIN-L1167	SOURCE_ANCHORED	MAIN-L194;MAIN-L1167		Direct WDB-ID reference on the listed normalized Master line(s).
WDB-MIG-004	HARD	Jeder Multi-Transaction-Zwischenstand ist gültig und historisch lesbar.	ANCHORED	195;1167	MAIN-L195;MAIN-L1167	SOURCE_ANCHORED	MAIN-L195;MAIN-L1167		Direct WDB-ID reference on the listed normalized Master line(s).
WDB-MIG-005	HARD	Storageformat- und Schema-Migration sind getrennte Protokolle.	ANCHORED	193;1167	MAIN-L193;MAIN-L1167	SOURCE_ANCHORED	MAIN-L193;MAIN-L1167		Direct WDB-ID reference on the listed normalized Master line(s).
WDB-MIG-006	HARD	MigrationCategory ist exakt MetadataOnly, Additive, CompatibleConstraintChange, Restrictive oder Breaking.	ANCHORED	1097;1167	MAIN-L1097;MAIN-L1167	SOURCE_ANCHORED	MAIN-L1097;MAIN-L1167		Direct WDB-ID reference on the listed normalized Master line(s).
WDB-MIG-007	HARD	MigrationPlan und MigrationRun sind getrennte Typen mit eigenen Identitäten.	ANCHORED	1097;1167	MAIN-L1097;MAIN-L1167	SOURCE_ANCHORED	MAIN-L1097;MAIN-L1167		Direct WDB-ID reference on the listed normalized Master line(s).
WDB-MIG-008	HARD	Plan enthält Source-Schema-Precondition, Target, Steps, Fingerprint, Transformer-Version und Budgets.	ANCHORED	1097;1167	MAIN-L1097;MAIN-L1167	SOURCE_ANCHORED	MAIN-L1097;MAIN-L1167		Direct WDB-ID reference on the listed normalized Master line(s).
WDB-MIG-009	HARD	Start und Resume weisen eine abweichende Source-Schema-Precondition zurück.	ANCHORED	1097;1167	MAIN-L1097;MAIN-L1167	SOURCE_ANCHORED	MAIN-L1097;MAIN-L1167		Direct WDB-ID reference on the listed normalized Master line(s).
WDB-MIG-010	HARD	Dry Run und Execution verwenden dieselbe Transformationslogik.	ANCHORED	1099;1167	MAIN-L1099;MAIN-L1167	SOURCE_ANCHORED	MAIN-L1099;MAIN-L1167		Direct WDB-ID reference on the listed normalized Master line(s).
WDB-MIG-011	HARD	Commit-Transformer sind deterministisch und verwenden weder Uhr, Zufall, Locale, Netzwerk noch AI.	ANCHORED	1099;1167	MAIN-L1099;MAIN-L1167	SOURCE_ANCHORED	MAIN-L1099;MAIN-L1167		Direct WDB-ID reference on the listed normalized Master line(s).
WDB-MIG-012	HARD	AI-Vorschläge werden nur als versionierter kanonischer Plan committed; versteckte Coercions bleiben verboten.	ANCHORED	1099;1167	MAIN-L1099;MAIN-L1167	SOURCE_ANCHORED	MAIN-L1099;MAIN-L1167		Direct WDB-ID reference on the listed normalized Master line(s).
WDB-MIG-013	HARD	Warning, UnresolvedMigrationItem und Error sind getrennte Zustände.	ANCHORED	1101;1167	MAIN-L1101;MAIN-L1167	SOURCE_ANCHORED	MAIN-L1101;MAIN-L1167		Direct WDB-ID reference on the listed normalized Master line(s).
WDB-MIG-014	HARD	Restrictive/Breaking committen unresolved Items nur mit expliziter validierter Adminentscheidung.	ANCHORED	1101;1167	MAIN-L1101;MAIN-L1167	SOURCE_ANCHORED	MAIN-L1101;MAIN-L1167		Direct WDB-ID reference on the listed normalized Master line(s).
WDB-MIG-015	HARD	Representation Migration ändert keine World-Time-Semantik; historische/retracted Records nur bei explizitem Plan.	ANCHORED	1101;1167	MAIN-L1101;MAIN-L1167	SOURCE_ANCHORED	MAIN-L1101;MAIN-L1167		Direct WDB-ID reference on the listed normalized Master line(s).
WDB-MIG-016	HARD	Jeder Stepcommit ist eine normale OCC-Transaction.	ANCHORED	1103;1167	MAIN-L1103;MAIN-L1167	SOURCE_ANCHORED	MAIN-L1103;MAIN-L1167		Direct WDB-ID reference on the listed normalized Master line(s).
WDB-MIG-017	HARD	MigrationId, StepId, RunId und OperationId besitzen getrennte Semantik.	ANCHORED	1103;1167	MAIN-L1103;MAIN-L1167	SOURCE_ANCHORED	MAIN-L1103;MAIN-L1167		Direct WDB-ID reference on the listed normalized Master line(s).
WDB-MIG-018	HARD	Step-Resume klärt Unknown Outcome über OperationId und ist inputfingerprint-idempotent.	ANCHORED	1103;1167	MAIN-L1103;MAIN-L1167	SOURCE_ANCHORED	MAIN-L1103;MAIN-L1167		Direct WDB-ID reference on the listed normalized Master line(s).
WDB-MIG-019	HARD	Expand → Migrate → Contract ist Default und jeder Zwischenstand ist gültig.	ANCHORED	195;1105;1167	MAIN-L195;MAIN-L1105;MAIN-L1167	SOURCE_ANCHORED	MAIN-L195;MAIN-L1105;MAIN-L1167		Direct WDB-ID reference on the listed normalized Master line(s).
WDB-MIG-020	HARD	Committed Migration-History wird nicht zurückgerollt.	ANCHORED	1105;1167	MAIN-L1105;MAIN-L1167	SOURCE_ANCHORED	MAIN-L1105;MAIN-L1167		Direct WDB-ID reference on the listed normalized Master line(s).
WDB-MIG-021	HARD	Fachliche Rücknahme erfolgt als neue Compensating Migration.	ANCHORED	1105;1167	MAIN-L1105;MAIN-L1167	SOURCE_ANCHORED	MAIN-L1105;MAIN-L1167		Direct WDB-ID reference on the listed normalized Master line(s).
WDB-MIG-022	HARD	Migration Run Journal ist recoverbares Koordinationsmetadatum, nicht normative History.	ANCHORED	1105;1167	MAIN-L1105;MAIN-L1167	SOURCE_ANCHORED	MAIN-L1105;MAIN-L1167		Direct WDB-ID reference on the listed normalized Master line(s).
WDB-MIG-023	HARD	Storage-Format-Migration bleibt vom fachlichen Migrationsprotokoll getrennt.	ANCHORED	193;1105;1167	MAIN-L193;MAIN-L1105;MAIN-L1167	SOURCE_ANCHORED	MAIN-L193;MAIN-L1105;MAIN-L1167		Direct WDB-ID reference on the listed normalized Master line(s).
WDB-MSK-001	HARD	Masking ist kein positiver oder negativer Fakt.	ANCHORED	122;182;1155	MAIN-L122;MAIN-L182;MAIN-L1155	SOURCE_ANCHORED	MAIN-L122;MAIN-L182;MAIN-L1155		Direct WDB-ID reference on the listed normalized Master line(s).
WDB-MSK-002	HARD	Mask wirkt nur gegen strikt niedrigere `ContextPrecedence`.	ANCHORED	122;1155	MAIN-L122;MAIN-L1155	SOURCE_ANCHORED	MAIN-L122;MAIN-L1155		Direct WDB-ID reference on the listed normalized Master line(s).
WDB-MSK-003	HARD	Mask-Scope ist genau ExactAssertion, Proposition oder Slot.	ANCHORED	122;1155	MAIN-L122;MAIN-L1155	SOURCE_ANCHORED	MAIN-L122;MAIN-L1155		Direct WDB-ID reference on the listed normalized Master line(s).
WDB-MSK-004	HARD	Ohne verbleibenden Kandidaten resultiert grundsätzlich Unknown.	ANCHORED	1155	MAIN-L1155	SOURCE_ANCHORED	MAIN-L1155		Direct WDB-ID reference on the listed normalized Master line(s).
WDB-MSK-005	HARD	EventMask ist keine EventRetraction und cascadiert nicht zu Assertions.	ANCHORED	183;917;1155	MAIN-L183;MAIN-L917;MAIN-L1155	SOURCE_ANCHORED	MAIN-L183;MAIN-L917;MAIN-L1155		Direct WDB-ID reference on the listed normalized Master line(s).
WDB-OBS-001	HARD	Telemetriefehler blockieren keine Domainoperation.	NORMATIVE_SOURCE_GAP			CLOSED_BY_M0_02A	source_gap_resolution.md#wdb-obs-001	ADR-039	No direct WDB-ID reference on any of the 149 bound Master main-text lines; closed by the approved M0-02a supplement.
WDB-OBS-002	HARD	Logs enthalten standardmäßig keine Values, Querytexte, Pfade oder Principalnamen.	NORMATIVE_SOURCE_GAP			CLOSED_BY_M0_02A	source_gap_resolution.md#wdb-obs-002	ADR-039	No direct WDB-ID reference on any of the 149 bound Master main-text lines; closed by the approved M0-02a supplement.
WDB-OBS-003	HARD	Kein Sync-/Span-Guard wird über `.await` gehalten.	ANCHORED	351	MAIN-L351	SOURCE_ANCHORED	MAIN-L351		Direct WDB-ID reference on the listed normalized Master line(s).
WDB-OBS-004	HARD	Nicht klassifizierte Diagnosewerte sind `Omitted`; `Shown` und `Hashed` sind opt-in.	NORMATIVE_SOURCE_GAP			CLOSED_BY_M0_02A	source_gap_resolution.md#wdb-obs-004	ADR-039	No direct WDB-ID reference on any of the 149 bound Master main-text lines; closed by the approved M0-02a supplement.
WDB-OCC-001	HARD	Write/Write- und relevante Write/Read-Konflikte werden erkannt.	NORMATIVE_SOURCE_GAP			CLOSED_BY_M0_02A	source_gap_resolution.md#wdb-occ-001	ADR-039	No direct WDB-ID reference on any of the 149 bound Master main-text lines; closed by the approved M0-02a supplement.
WDB-OCC-002	HARD	Range-/Predicate-Dependencies erkennen Phantoms.	NORMATIVE_SOURCE_GAP			CLOSED_BY_M0_02A	source_gap_resolution.md#wdb-occ-002	ADR-039	No direct WDB-ID reference on any of the 149 bound Master main-text lines; closed by the approved M0-02a supplement.
WDB-OCC-003	HARD	TransactionConflict ist erwartbares Outcome, kein Storagefehler.	NORMATIVE_SOURCE_GAP			CLOSED_BY_M0_02A	source_gap_resolution.md#wdb-occ-003	ADR-039	No direct WDB-ID reference on any of the 149 bound Master main-text lines; closed by the approved M0-02a supplement.
WDB-OCC-004	HARD	Auto-Retry gilt nur für ReplaySafe ohne externe Side Effects und ist begrenzt.	ANCHORED	409;410	MAIN-L409;MAIN-L410	SOURCE_ANCHORED	MAIN-L409;MAIN-L410		Direct WDB-ID reference on the listed normalized Master line(s).
WDB-OCC-005	HARD	UnknownCommitOutcome wird vor Retry über OperationId geklärt.	ANCHORED	330;411	MAIN-L330;MAIN-L411	SOURCE_ANCHORED	MAIN-L330;MAIN-L411		Direct WDB-ID reference on the listed normalized Master line(s).
WDB-OWN-001	HARD	Shared Handles werden mit `Arc::clone`/`Rc::clone` von kopierten Fachwerten unterscheidbar gemacht.	ANCHORED	344;345;346;347	MAIN-L344;MAIN-L345;MAIN-L346;MAIN-L347	SOURCE_ANCHORED	MAIN-L344;MAIN-L345;MAIN-L346;MAIN-L347		Direct WDB-ID reference on the listed normalized Master line(s).
WDB-OWN-002	HARD	Clone, `'static` und Taskownership dürfen keine ungeklärte Ownership kaschieren.	ANCHORED	346;348	MAIN-L346;MAIN-L348	SOURCE_ANCHORED	MAIN-L346;MAIN-L348		Direct WDB-ID reference on the listed normalized Master line(s).
WDB-OWN-003	HARD	Borrowed-to-Owned-Konversionen bleiben an Boundaries sichtbar.	ANCHORED	349	MAIN-L349	SOURCE_ANCHORED	MAIN-L349		Direct WDB-ID reference on the listed normalized Master line(s).
WDB-PER-001	GUARDED	Performanceoptimierung benötigt reproduzierbare Messung.	NORMATIVE_SOURCE_GAP			OPEN_GUARDED			No direct WDB-ID reference on any of the 149 bound Master main-text lines.
WDB-PHIL-001	HARD	Abstraktionen erhalten jede für Semantik, History, Security, Recovery, Retry, Ownership oder Diagnose relevante Unterscheidung, sofern kein Verlustfreiheitsnachweis vorliegt.	ANCHORED	17;890;960;998	MAIN-L17;MAIN-L890;MAIN-L960;MAIN-L998	SOURCE_ANCHORED	MAIN-L17;MAIN-L890;MAIN-L960;MAIN-L998		Direct WDB-ID reference on the listed normalized Master line(s).
WDB-PRG-001	HARD	Purge 1.0 ist Offline-Rewrite, kein In-place-History-Umschreiben.	NORMATIVE_SOURCE_GAP			CLOSED_BY_M0_02A	source_gap_resolution.md#wdb-prg-001	ADR-039	No direct WDB-ID reference on any of the 149 bound Master main-text lines; closed by the approved M0-02a supplement.
WDB-PRG-002	HARD	Secure Erase wird für SSD/COW/Backups nicht behauptet.	NORMATIVE_SOURCE_GAP			CLOSED_BY_M0_02A	source_gap_resolution.md#wdb-prg-002	ADR-039	No direct WDB-ID reference on any of the 149 bound Master main-text lines; closed by the approved M0-02a supplement.
WDB-PRO-001	HARD	Proposition Equality besteht exakt aus Subject, Predicate, Value, Polarity.	ANCHORED	121	MAIN-L121	SOURCE_ANCHORED	MAIN-L121		Direct WDB-ID reference on the listed normalized Master line(s).
WDB-PRV-001	HARD	Provenance ist erklärend und nicht imperativ/cascading.	ANCHORED	133;1162	MAIN-L133;MAIN-L1162	SOURCE_ANCHORED	MAIN-L133;MAIN-L1162		Direct WDB-ID reference on the listed normalized Master line(s).
WDB-PRV-002	HARD	Corrects bezeichnet Datenkorrektur, keine World-Time-Nachfolge, und retractet nicht automatisch.	ANCHORED	184;1042;1162	MAIN-L184;MAIN-L1042;MAIN-L1162	SOURCE_ANCHORED	MAIN-L184;MAIN-L1042;MAIN-L1162		Direct WDB-ID reference on the listed normalized Master line(s).
WDB-PRV-003	HARD	DerivedFrom bezeichnet informationelle Ableitung und keine Story-Kausalität.	ANCHORED	146;185;1042;1162	MAIN-L146;MAIN-L185;MAIN-L1042;MAIN-L1162	SOURCE_ANCHORED	MAIN-L146;MAIN-L185;MAIN-L1042;MAIN-L1162		Direct WDB-ID reference on the listed normalized Master line(s).
WDB-PRV-004	HARD	ResultedFrom bezeichnet fachliche Wirkung, keine logische Ableitung, und cascadiert nicht.	ANCHORED	185;1042;1162	MAIN-L185;MAIN-L1042;MAIN-L1162	SOURCE_ANCHORED	MAIN-L185;MAIN-L1042;MAIN-L1162		Direct WDB-ID reference on the listed normalized Master line(s).
WDB-PRV-005	HARD	Provenance ist projektweite Meta-History ohne ContextPrecedence oder Resolutionwirkung.	ANCHORED	1044;1162	MAIN-L1044;MAIN-L1162	SOURCE_ANCHORED	MAIN-L1044;MAIN-L1162		Direct WDB-ID reference on the listed normalized Master line(s).
WDB-PRV-006	HARD	Provenance-Self-Loops sind unzulässig.	ANCHORED	1046;1162	MAIN-L1046;MAIN-L1162	SOURCE_ANCHORED	MAIN-L1046;MAIN-L1162		Direct WDB-ID reference on the listed normalized Master line(s).
WDB-PRV-007	HARD	Der gemeinsame Provenance-Abhängigkeitsgraph ist relationsintern und relationsübergreifend azyklisch.	ANCHORED	1048;1162	MAIN-L1048;MAIN-L1162	SOURCE_ANCHORED	MAIN-L1048;MAIN-L1162		Direct WDB-ID reference on the listed normalized Master line(s).
WDB-PRV-008	HARD	Aktive Provenance-Duplikate gleichen From/To/Relation-Tupels sind unzulässig.	ANCHORED	1046;1162	MAIN-L1046;MAIN-L1162	SOURCE_ANCHORED	MAIN-L1046;MAIN-L1162		Direct WDB-ID reference on the listed normalized Master line(s).
WDB-PRV-009	HARD	Graphvalidierung und Traversal sind bounded; unentscheidbare Insertprüfung scheitert fail-closed.	ANCHORED	1050;1162	MAIN-L1050;MAIN-L1162	SOURCE_ANCHORED	MAIN-L1050;MAIN-L1162		Direct WDB-ID reference on the listed normalized Master line(s).
WDB-PRV-010	HARD	Meta-History-Security verwendet die Schnittmenge der Endpoint-/Feldrechte und leakt keine versteckten Kanten.	ANCHORED	576;1050;1162	MAIN-L576;MAIN-L1050;MAIN-L1162	SOURCE_ANCHORED	MAIN-L576;MAIN-L1050;MAIN-L1162		Direct WDB-ID reference on the listed normalized Master line(s).
WDB-PRV-011	HARD	Dependency-Projektion ist Corrects(new,old): new→old; DerivedFrom(source,derived): derived→source; ResultedFrom(cause,effect): effect→cause.	ANCHORED	1048;1162	MAIN-L1048;MAIN-L1162	SOURCE_ANCHORED	MAIN-L1048;MAIN-L1162		Direct WDB-ID reference on the listed normalized Master line(s).
WDB-PRV-012	HARD	Gemischte Zyklen über Corrects, DerivedFrom und ResultedFrom werden abgewiesen.	ANCHORED	1048;1162	MAIN-L1048;MAIN-L1162	SOURCE_ANCHORED	MAIN-L1048;MAIN-L1162		Direct WDB-ID reference on the listed normalized Master line(s).
WDB-PRV-013	HARD	Zyklusvalidierung prüft den atomaren Post-Transaction-Zustand einschließlich aller Batchkanten.	ANCHORED	1048;1162	MAIN-L1048;MAIN-L1162	SOURCE_ANCHORED	MAIN-L1048;MAIN-L1162		Direct WDB-ID reference on the listed normalized Master line(s).
WDB-REC-001	HARD	Recovery macht nur vollständig verifizierten committed Präfix sichtbar.	NORMATIVE_SOURCE_GAP			CLOSED_BY_M0_02A	source_gap_resolution.md#wdb-rec-001	ADR-039	No direct WDB-ID reference on any of the 149 bound Master main-text lines; closed by the approved M0-02a supplement.
WDB-REC-002	HARD	Uncommitted Tail wird niemals als Commit interpretiert.	NORMATIVE_SOURCE_GAP			CLOSED_BY_M0_02A	source_gap_resolution.md#wdb-rec-002	ADR-039	No direct WDB-ID reference on any of the 149 bound Master main-text lines; closed by the approved M0-02a supplement.
WDB-REC-003	HARD	Korruption im sicheren Bereich wird nicht automatisch repariert.	NORMATIVE_SOURCE_GAP			CLOSED_BY_M0_02A	source_gap_resolution.md#wdb-rec-003	ADR-039	No direct WDB-ID reference on any of the 149 bound Master main-text lines; closed by the approved M0-02a supplement.
WDB-REC-004	HARD	Recovery ist über wiederholte Abstürze idempotent.	NORMATIVE_SOURCE_GAP			CLOSED_BY_M0_02A	source_gap_resolution.md#wdb-rec-004	ADR-039	No direct WDB-ID reference on any of the 149 bound Master main-text lines; closed by the approved M0-02a supplement.
WDB-REC-005	HARD	Salvage überschreibt nie das Original und berichtet Verluste.	NORMATIVE_SOURCE_GAP			CLOSED_BY_M0_02A	source_gap_resolution.md#wdb-rec-005	ADR-039	No direct WDB-ID reference on any of the 149 bound Master main-text lines; closed by the approved M0-02a supplement.
WDB-REF-001	HARD	Persistierter/Wire-RecordRef ist eine geschlossene exhaustive Enum.	NORMATIVE_SOURCE_GAP			CLOSED_BY_M0_02A	source_gap_resolution.md#wdb-ref-001	ADR-039	No direct WDB-ID reference on any of the 149 bound Master main-text lines; closed by the approved M0-02a supplement.
WDB-REF-002	HARD	Evidence-, Provenance- und Lifecycle-Targets sind validierte RecordRef-Teilmengen.	NORMATIVE_SOURCE_GAP			CLOSED_BY_M0_02A	source_gap_resolution.md#wdb-ref-002	ADR-039	No direct WDB-ID reference on any of the 149 bound Master main-text lines; closed by the approved M0-02a supplement.
WDB-REF-003	HARD	EvidenceTargetRef erlaubt ausschließlich die in §31.2.1 mit J markierten Varianten.	ANCHORED	1066	MAIN-L1066	SOURCE_ANCHORED	MAIN-L1066		Direct WDB-ID reference on the listed normalized Master line(s).
WDB-REF-004	HARD	Corrects verlangt dieselbe kompatible Recordfamilie und konkrete Lifecycle-Variante.	ANCHORED	1066	MAIN-L1066	SOURCE_ANCHORED	MAIN-L1066		Direct WDB-ID reference on the listed normalized Master line(s).
WDB-REF-005	HARD	DerivedFrom- und ResultedFrom-Endpunkte folgen den geschlossenen Matrizen ohne Other-/String-Escape-Hatch.	ANCHORED	1066	MAIN-L1066	SOURCE_ANCHORED	MAIN-L1066		Direct WDB-ID reference on the listed normalized Master line(s).
WDB-RES-001	HARD	Fachoutcomes sind Known, Unknown oder Conflict; Technikfehler separat.	ANCHORED	123	MAIN-L123	SOURCE_ANCHORED	MAIN-L123		Direct WDB-ID reference on the listed normalized Master line(s).
WDB-RES-002	HARD	Keine ResolutionPolicy verwendet implizites Last Write Wins.	ANCHORED	408	MAIN-L408	SOURCE_ANCHORED	MAIN-L408		Direct WDB-ID reference on the listed normalized Master line(s).
WDB-RES-003	HARD	Securityfilter läuft vor Masking und Resolution.	ANCHORED	125	MAIN-L125	SOURCE_ANCHORED	MAIN-L125		Direct WDB-ID reference on the listed normalized Master line(s).
WDB-RES-004	HARD	ReplacementBoundary ist nur für MultiValueReplace gültig.	ANCHORED	124;1156	MAIN-L124;MAIN-L1156	SOURCE_ANCHORED	MAIN-L124;MAIN-L1156		Direct WDB-ID reference on the listed normalized Master line(s).
WDB-RES-005	HARD	ReplacementBoundary kann eine explizit vollständige leere Menge erzeugen.	ANCHORED	124;1156	MAIN-L124;MAIN-L1156	SOURCE_ANCHORED	MAIN-L124;MAIN-L1156		Direct WDB-ID reference on the listed normalized Master line(s).
WDB-RES-006	HARD	Resolutionausgabe besitzt deterministische kanonische Ordnung.	NORMATIVE_SOURCE_GAP			CLOSED_BY_M0_02A	source_gap_resolution.md#wdb-res-006	ADR-039	No direct WDB-ID reference on any of the 149 bound Master main-text lines; closed by the approved M0-02a supplement.
WDB-SCH-001	HARD	Es gibt genau eine projektweite Schemahistorie.	ANCHORED	191;1153;1166	MAIN-L191;MAIN-L1153;MAIN-L1166	SOURCE_ANCHORED	MAIN-L191;MAIN-L1153;MAIN-L1166		Direct WDB-ID reference on the listed normalized Master line(s).
WDB-SCH-002	HARD	`SchemaMode::Historical` ist Default und nutzt SchemaAt(RecordedAsOf).	ANCHORED	191;1153;1166	MAIN-L191;MAIN-L1153;MAIN-L1166	SOURCE_ANCHORED	MAIN-L191;MAIN-L1153;MAIN-L1166		Direct WDB-ID reference on the listed normalized Master line(s).
WDB-SCH-003	HARD	Alle Schema-IDs, einschließlich PredicateId, EntityTypeId, EventKindId, EventRoleId, EventAttributeId und LayerId, bleiben über Active/Deprecated/Retired stabil.	ANCHORED	192;1153;1166	MAIN-L192;MAIN-L1153;MAIN-L1166	SOURCE_ANCHORED	MAIN-L192;MAIN-L1153;MAIN-L1166		Direct WDB-ID reference on the listed normalized Master line(s).
WDB-SCH-004	HARD	ResolutionPolicy ist Predicate-Semantik und historisiert.	ANCHORED	1153;1166	MAIN-L1153;MAIN-L1166	SOURCE_ANCHORED	MAIN-L1153;MAIN-L1166		Direct WDB-ID reference on the listed normalized Master line(s).
WDB-SCH-005	HARD	PredicateDefinition enthält SubjectConstraint, ValueKind/ObjectConstraint, Cardinality, ResolutionPolicy, Constraints und Lifecycle.	ANCHORED	1085;1152;1153;1166	MAIN-L1085;MAIN-L1152;MAIN-L1153;MAIN-L1166	SOURCE_ANCHORED	MAIN-L1085;MAIN-L1152;MAIN-L1153;MAIN-L1166		Direct WDB-ID reference on the listed normalized Master line(s).
WDB-SCH-006	HARD	Entity Object Constraint ist genau für Entity-Values zulässig und wird strukturell validiert.	ANCHORED	1085;1153;1166	MAIN-L1085;MAIN-L1153;MAIN-L1166	SOURCE_ANCHORED	MAIN-L1085;MAIN-L1153;MAIN-L1166		Direct WDB-ID reference on the listed normalized Master line(s).
WDB-SCH-007	HARD	Single ist nur mit SingleValueReplace, Multi nur mit MultiValueOverlay/MultiValueReplace kompatibel.	ANCHORED	1085;1153;1166	MAIN-L1085;MAIN-L1153;MAIN-L1166	SOURCE_ANCHORED	MAIN-L1085;MAIN-L1153;MAIN-L1166		Direct WDB-ID reference on the listed normalized Master line(s).
WDB-SCH-008	HARD	Single verhindert nicht widersprüchliche Assertions; StructuralValidationError und ResolutionConflict bleiben getrennt.	ANCHORED	1085;1153;1166	MAIN-L1085;MAIN-L1153;MAIN-L1166	SOURCE_ANCHORED	MAIN-L1085;MAIN-L1153;MAIN-L1166		Direct WDB-ID reference on the listed normalized Master line(s).
WDB-SCH-009	HARD	EventKindDefinition historisiert Rollen, Cardinalities, Attribute und Event-Time-Constraint vollständig.	ANCHORED	1087;1153;1166	MAIN-L1087;MAIN-L1153;MAIN-L1166	SOURCE_ANCHORED	MAIN-L1087;MAIN-L1153;MAIN-L1166		Direct WDB-ID reference on the listed normalized Master line(s).
WDB-SCH-010	HARD	Deprecated Writes verlangen Opt-in, Capability und Warning; Retired verbietet neue Writes.	ANCHORED	1087;1153;1166	MAIN-L1087;MAIN-L1153;MAIN-L1166	SOURCE_ANCHORED	MAIN-L1087;MAIN-L1153;MAIN-L1166		Direct WDB-ID reference on the listed normalized Master line(s).
WDB-SCH-011	HARD	Schema und Daten sind atomar; Referenzen validieren gegen das Post-Transaction-Schema.	ANCHORED	1089;1153;1166	MAIN-L1089;MAIN-L1153;MAIN-L1166	SOURCE_ANCHORED	MAIN-L1089;MAIN-L1153;MAIN-L1166		Direct WDB-ID reference on the listed normalized Master line(s).
WDB-SCH-012	HARD	SchemaDependencies werden am Commitpoint gegen den aktuellen Head revalidiert.	ANCHORED	1089;1153;1166	MAIN-L1089;MAIN-L1153;MAIN-L1166	SOURCE_ANCHORED	MAIN-L1089;MAIN-L1153;MAIN-L1166		Direct WDB-ID reference on the listed normalized Master line(s).
WDB-SCH-013	HARD	SchemaSnapshot ist derived/cacheable; Schemahistorie ist Wahrheit und Fingerprint ist kanonisch.	ANCHORED	1089;1153;1166	MAIN-L1089;MAIN-L1153;MAIN-L1166	SOURCE_ANCHORED	MAIN-L1089;MAIN-L1153;MAIN-L1166		Direct WDB-ID reference on the listed normalized Master line(s).
WDB-SCH-014	HARD	Schemaänderungen werden nach Auswirkung als kompatibel, restrictive oder breaking klassifiziert.	ANCHORED	1091;1153;1166	MAIN-L1091;MAIN-L1153;MAIN-L1166	SOURCE_ANCHORED	MAIN-L1091;MAIN-L1153;MAIN-L1166		Direct WDB-ID reference on the listed normalized Master line(s).
WDB-SCH-015	HARD	Bedeutungsinkompatible Änderungen benötigen eine neue Schema-ID; reine additive/metadatenbezogene Änderungen nicht.	ANCHORED	1091;1153;1166	MAIN-L1091;MAIN-L1153;MAIN-L1166	SOURCE_ANCHORED	MAIN-L1091;MAIN-L1153;MAIN-L1166		Direct WDB-ID reference on the listed normalized Master line(s).
WDB-SCH-016	HARD	Historical, Current und Explicit sind bewusste SchemaModes; keine stille Current-Coercion.	ANCHORED	1093;1153;1166	MAIN-L1093;MAIN-L1153;MAIN-L1166	SOURCE_ANCHORED	MAIN-L1093;MAIN-L1153;MAIN-L1166		Direct WDB-ID reference on the listed normalized Master line(s).
WDB-SCH-017	HARD	Beschädigtes benötigtes Historical Schema scheitert explizit und fällt nicht auf Current zurück.	ANCHORED	1093;1153;1166	MAIN-L1093;MAIN-L1153;MAIN-L1166	SOURCE_ANCHORED	MAIN-L1093;MAIN-L1153;MAIN-L1166		Direct WDB-ID reference on the listed normalized Master line(s).
WDB-SEC-001	HARD	Perspective ist kein Security Principal.	ANCHORED	1172	MAIN-L1172	SOURCE_ANCHORED	MAIN-L1172		Direct WDB-ID reference on the listed normalized Master line(s).
WDB-SEC-002	HARD	Authorization erfolgt vor Redaction und Resolution.	ANCHORED	578;1172	MAIN-L578;MAIN-L1172	SOURCE_ANCHORED	MAIN-L578;MAIN-L1172		Direct WDB-ID reference on the listed normalized Master line(s).
WDB-SEC-003	HARD	Unsichtbare Records beeinflussen öffentliche Shape/Codes/Counts/Explain nicht.	ANCHORED	575;577;1172	MAIN-L575;MAIN-L577;MAIN-L1172	SOURCE_ANCHORED	MAIN-L575;MAIN-L577;MAIN-L1172		Direct WDB-ID reference on the listed normalized Master line(s).
WDB-SEC-004	HARD	Graphsuche exponiert weder versteckte Knoten noch versteckte Kantenzahlen.	ANCHORED	576;1172	MAIN-L576;MAIN-L1172	SOURCE_ANCHORED	MAIN-L576;MAIN-L1172		Direct WDB-ID reference on the listed normalized Master line(s).
WDB-SEC-005	HARD	Historical Permission Mode ist explizit; Default ist AuthorizationNow.	ANCHORED	1172	MAIN-L1172	SOURCE_ANCHORED	MAIN-L1172		Direct WDB-ID reference on the listed normalized Master line(s).
WDB-SEN-001	HARD	Kein Sentinel codiert Abwesenheit, Fehler oder Lifecycle.	ANCHORED	233;235	MAIN-L233;MAIN-L235	SOURCE_ANCHORED	MAIN-L233;MAIN-L235		Direct WDB-ID reference on the listed normalized Master line(s).
WDB-SEN-002	HARD	Option, Result und Domain-Enum bleiben semantisch getrennt.	NORMATIVE_SOURCE_GAP			CLOSED_BY_M0_02A	source_gap_resolution.md#wdb-sen-002	ADR-039	No direct WDB-ID reference on any of the 149 bound Master main-text lines; closed by the approved M0-02a supplement.
WDB-SNP-001	HARD	Snapshot pinnt Daten, Schema, HistorySpace, LayerSelection samt historischen LayerDefinitionen und Securitymodus gemeinsam.	ANCHORED	419;1170	MAIN-L419;MAIN-L1170	SOURCE_ANCHORED	MAIN-L419;MAIN-L1170		Direct WDB-ID reference on the listed normalized Master line(s).
WDB-SNP-002	HARD	Snapshot bewegt sich nie still auf eine neue Revision.	ANCHORED	420;1170	MAIN-L420;MAIN-L1170	SOURCE_ANCHORED	MAIN-L420;MAIN-L1170		Direct WDB-ID reference on the listed normalized Master line(s).
WDB-SNP-003	HARD	Gepinnte Segmente werden nicht reclaimed.	ANCHORED	421;1170	MAIN-L421;MAIN-L1170	SOURCE_ANCHORED	MAIN-L421;MAIN-L1170		Direct WDB-ID reference on the listed normalized Master line(s).
WDB-SNP-004	HARD	Öffentliche Queryresultate borgen nicht aus Lock oder Memory Map.	ANCHORED	422;1170	MAIN-L422;MAIN-L1170	SOURCE_ANCHORED	MAIN-L422;MAIN-L1170		Direct WDB-ID reference on the listed normalized Master line(s).
WDB-SRC-001	HARD	Source ist ein eigener immutable Herkunftsrecord; ohne Evidence-Relation behauptet er nichts über einen Domain-Record.	ANCHORED	1160	MAIN-L1160	SOURCE_ANCHORED	MAIN-L1160		Direct WDB-ID reference on the listed normalized Master line(s).
WDB-SRC-002	HARD	Source-Felder werden vor Public-Ausgabe autorisiert; Auslassung und Fehlermapping leaken keine Source-Existenz.	ANCHORED	1160	MAIN-L1160	SOURCE_ANCHORED	MAIN-L1160		Direct WDB-ID reference on the listed normalized Master line(s).
WDB-STO-001	HARD	Backend publiziert höchstens eine neue Revision atomar.	NORMATIVE_SOURCE_GAP			CLOSED_BY_M0_02A	source_gap_resolution.md#wdb-sto-001	ADR-039	No direct WDB-ID reference on any of the 149 bound Master main-text lines; closed by the approved M0-02a supplement.
WDB-STO-002	HARD	Engine- und Backendgarantien sind getrennt und testbar.	NORMATIVE_SOURCE_GAP			CLOSED_BY_M0_02A	source_gap_resolution.md#wdb-sto-002	ADR-039	No direct WDB-ID reference on any of the 149 bound Master main-text lines; closed by the approved M0-02a supplement.
WDB-STO-003	HARD	Produktionscommit verlangt Machine-Durability.	NORMATIVE_SOURCE_GAP			CLOSED_BY_M0_02A	source_gap_resolution.md#wdb-sto-003	ADR-039	No direct WDB-ID reference on any of the 149 bound Master main-text lines; closed by the approved M0-02a supplement.
WDB-STO-004	HARD	SegmentId ist eine zufällige stabile Identität ohne Content-Semantik.	ANCHORED	1123	MAIN-L1123	SOURCE_ANCHORED	MAIN-L1123		Direct WDB-ID reference on the listed normalized Master line(s).
WDB-STO-005	HARD	ContentDigest hasht kanonische Segmentbytes getrennt von SegmentId.	ANCHORED	1123	MAIN-L1123	SOURCE_ANCHORED	MAIN-L1123		Direct WDB-ID reference on the listed normalized Master line(s).
WDB-STO-006	HARD	Manifest, Backup und Recovery verifizieren SegmentId und ContentDigest getrennt.	ANCHORED	1123	MAIN-L1123	SOURCE_ANCHORED	MAIN-L1123		Direct WDB-ID reference on the listed normalized Master line(s).
WDB-TIM-001	HARD	RecordedAsOf, WorldTime, EventTime und AssertionValidity sind getrennte Typen.	ANCHORED	78	MAIN-L78	SOURCE_ANCHORED	MAIN-L78		Direct WDB-ID reference on the listed normalized Master line(s).
WDB-TIM-002	HARD	Inkompatible Timelines erhalten keine implizite globale Ordnung.	ANCHORED	78	MAIN-L78	SOURCE_ANCHORED	MAIN-L78		Direct WDB-ID reference on the listed normalized Master line(s).
WDB-TIM-003	HARD	Intervallgrenzen verwenden eine einzige dokumentierte Halb-offen-Semantik `[start,end)`.	ANCHORED	79	MAIN-L79	SOURCE_ANCHORED	MAIN-L79		Direct WDB-ID reference on the listed normalized Master line(s).
WDB-TX-001	HARD	Commit konsumiert eine validierte Transaktion genau einmal.	ANCHORED	1169	MAIN-L1169	SOURCE_ANCHORED	MAIN-L1169		Direct WDB-ID reference on the listed normalized Master line(s).
WDB-TX-002	HARD	Drop führt weder Commit noch persistente Reparatur aus.	ANCHORED	1169	MAIN-L1169	SOURCE_ANCHORED	MAIN-L1169		Direct WDB-ID reference on the listed normalized Master line(s).
WDB-TX-003	HARD	Schema, Daten, Event, Assertion und Provenance können atomar committed werden.	ANCHORED	132;1169	MAIN-L132;MAIN-L1169	SOURCE_ANCHORED	MAIN-L132;MAIN-L1169		Direct WDB-ID reference on the listed normalized Master line(s).
WDB-TX-004	HARD	OperationId dedupliziert einen logischen Commitversuch persistent.	ANCHORED	330;411;1169	MAIN-L330;MAIN-L411;MAIN-L1169	SOURCE_ANCHORED	MAIN-L330;MAIN-L411;MAIN-L1169		Direct WDB-ID reference on the listed normalized Master line(s).
WDB-TX-005	HARD	Gleiche OperationId mit abweichendem Payload wird abgelehnt.	ANCHORED	330;1169	MAIN-L330;MAIN-L1169	SOURCE_ANCHORED	MAIN-L330;MAIN-L1169		Direct WDB-ID reference on the listed normalized Master line(s).
WDB-TX-006	HARD	Commitantwort wird erst nach durablem Commitpoint erzeugt.	ANCHORED	1169	MAIN-L1169	SOURCE_ANCHORED	MAIN-L1169		Direct WDB-ID reference on the listed normalized Master line(s).
WDB-TYP-001	HARD	Fremddaten umgehen keine validierenden Konstruktoren.	ANCHORED	234;280	MAIN-L234;MAIN-L280	SOURCE_ANCHORED	MAIN-L234;MAIN-L280		Direct WDB-ID reference on the listed normalized Master line(s).
WDB-TYP-002	HARD	Handles/Transactions/Snapshots sind nur bei expliziter Semantik klonbar.	NORMATIVE_SOURCE_GAP			CLOSED_BY_M0_02A	source_gap_resolution.md#wdb-typ-002	ADR-039	No direct WDB-ID reference on any of the 149 bound Master main-text lines; closed by the approved M0-02a supplement.
WDB-VAL-001	HARD	Core-Value enthält weder Null, Float, JSON, Array noch Map.	ANCHORED	129	MAIN-L129	SOURCE_ANCHORED	MAIN-L129		Direct WDB-ID reference on the listed normalized Master line(s).
WDB-VAL-002	HARD	Equality ist typisiert und coercion-frei.	ANCHORED	130	MAIN-L130	SOURCE_ANCHORED	MAIN-L130		Direct WDB-ID reference on the listed normalized Master line(s).
WDB-VAL-003	HARD	Decimal besitzt genau eine kanonische Darstellung.	ANCHORED	130	MAIN-L130	SOURCE_ANCHORED	MAIN-L130		Direct WDB-ID reference on the listed normalized Master line(s).
WDB-VAL-004	HARD	`Value` besitzt kein globales fachliches `Ord`.	NORMATIVE_SOURCE_GAP			CLOSED_BY_M0_02A	source_gap_resolution.md#wdb-val-004	ADR-039	No direct WDB-ID reference on any of the 149 bound Master main-text lines; closed by the approved M0-02a supplement.
WDB-VAL-005	HARD	Decimal-Scale ist nicht Teil numerischer Identität; Darstellungs-/Messpräzision liegt in Schema/Metadaten.	NORMATIVE_SOURCE_GAP			CLOSED_BY_M0_02A	source_gap_resolution.md#wdb-val-005	ADR-039	No direct WDB-ID reference on any of the 149 bound Master main-text lines; closed by the approved M0-02a supplement.
WDB-VAL-006	HARD	CalendarPeriod ist 1.0 kein Assertion-Value.	NORMATIVE_SOURCE_GAP			CLOSED_BY_M0_02A	source_gap_resolution.md#wdb-val-006	ADR-039	No direct WDB-ID reference on any of the 149 bound Master main-text lines; closed by the approved M0-02a supplement.
WDB-WAL-001	HARD	Commitmarker wird erst nach synchronisiertem Prepare geschrieben.	NORMATIVE_SOURCE_GAP			CLOSED_BY_M0_02A	source_gap_resolution.md#wdb-wal-001	ADR-039	No direct WDB-ID reference on any of the 149 bound Master main-text lines; closed by the approved M0-02a supplement.
WDB-WAL-002	HARD	Zweiter WAL-Sync ist Commitpoint.	NORMATIVE_SOURCE_GAP			CLOSED_BY_M0_02A	source_gap_resolution.md#wdb-wal-002	ADR-039	No direct WDB-ID reference on any of the 149 bound Master main-text lines; closed by the approved M0-02a supplement.
WDB-WAL-003	HARD	Manifest referenziert nie Daten oberhalb des sicheren WAL-Präfix.	NORMATIVE_SOURCE_GAP			CLOSED_BY_M0_02A	source_gap_resolution.md#wdb-wal-003	ADR-039	No direct WDB-ID reference on any of the 149 bound Master main-text lines; closed by the approved M0-02a supplement.
WDB-WAL-004	HARD	Historysegmente sind immutable.	NORMATIVE_SOURCE_GAP			CLOSED_BY_M0_02A	source_gap_resolution.md#wdb-wal-004	ADR-039	No direct WDB-ID reference on any of the 149 bound Master main-text lines; closed by the approved M0-02a supplement.
WDB-WAL-005	HARD	Publication berücksichtigt Datei- und Verzeichnissync pro Plattform.	NORMATIVE_SOURCE_GAP			CLOSED_BY_M0_02A	source_gap_resolution.md#wdb-wal-005	ADR-039	No direct WDB-ID reference on any of the 149 bound Master main-text lines; closed by the approved M0-02a supplement.
WDB-WIR-001	HARD	Persistentes Format ist explizit versioniert und serde-implementierungsunabhängig.	NORMATIVE_SOURCE_GAP			CLOSED_BY_M0_02A	source_gap_resolution.md#wdb-wir-001	ADR-039	No direct WDB-ID reference on any of the 149 bound Master main-text lines; closed by the approved M0-02a supplement.
WDB-WIR-002	HARD	Varints, Felder und Decimal sind kanonisch; alternative Encodings werden abgewiesen.	NORMATIVE_SOURCE_GAP			CLOSED_BY_M0_02A	source_gap_resolution.md#wdb-wir-002	ADR-039	No direct WDB-ID reference on any of the 149 bound Master main-text lines; closed by the approved M0-02a supplement.
WDB-WIR-003	HARD	Decoder prüft Limits und Overflows vor Allokation/Cast.	ANCHORED	294;295	MAIN-L294;MAIN-L295	SOURCE_ANCHORED	MAIN-L294;MAIN-L295		Direct WDB-ID reference on the listed normalized Master line(s).
WDB-WIR-004	HARD	TypeScript transportiert i128/u128/Decimal/Revision verlustfrei als Strings.	NORMATIVE_SOURCE_GAP			CLOSED_BY_M0_02A	source_gap_resolution.md#wdb-wir-004	ADR-039	No direct WDB-ID reference on any of the 149 bound Master main-text lines; closed by the approved M0-02a supplement.
WDB-WIR-005	HARD	Semantische Hard-Limits, Defaultprofile und provisorische Performancegates sind getrennt klassifiziert.	NORMATIVE_SOURCE_GAP			CLOSED_BY_M0_02A	source_gap_resolution.md#wdb-wir-005	ADR-039	No direct WDB-ID reference on any of the 149 bound Master main-text lines; closed by the approved M0-02a supplement.
