timestamp_utc	cpu_seconds	working_set_bytes
2026-09-30T07:54:21.7396403+00:00	79.422	6643712
2026-09-30T07:54:26.7743149+00:00	84.453	6643712
2026-09-30T07:54:31.7953920+00:00	89.453	6643712
2026-09-30T07:54:36.8165508+00:00	94.484	6647808
2026-09-30T07:54:41.8292257+00:00	99.438	6651904
2026-09-30T07:54:46.8513879+00:00	104.406	6643712
2026-09-30T07:54:51.8700508+00:00	109.422	6651904
2026-09-30T07:54:56.8852056+00:00	114.438	6647808
2026-09-30T07:55:01.9054656+00:00	119.422	6656000
2026-09-30T07:55:06.9266084+00:00	124.406	6647808
2026-09-30T07:55:11.9401339+00:00	129.422	6643712
2026-09-30T07:55:16.9485371+00:00	134.406	6639616
2026-09-30T07:55:21.9660904+00:00	139.422	6647808
2026-09-30T07:55:26.9755339+00:00	144.438	6643712
2026-09-30T07:55:31.9876059+00:00	149.438	6651904
2026-09-30T07:55:37.0038258+00:00	154.438	6656000
2026-09-30T07:55:42.0221234+00:00	159.406	6647808
2026-09-30T07:55:47.0358514+00:00	164.406	6651904
2026-09-30T07:55:52.0535774+00:00	169.359	6643712
2026-09-30T07:55:57.0721552+00:00	174.375	6647808
2026-09-30T07:56:02.0955051+00:00	179.391	6651904
2026-09-30T07:56:07.1116707+00:00	184.406	6647808
2026-09-30T07:56:12.1273852+00:00	189.422	6647808
2026-09-30T07:56:17.1446176+00:00	194.438	6647808
2026-09-30T07:56:22.1747186+00:00	199.469	6643712
2026-09-30T07:56:27.1862721+00:00	204.453	6651904
2026-09-30T07:56:32.1984761+00:00	209.469	6639616
2026-09-30T07:56:37.2147557+00:00	214.469	6651904
2026-09-30T07:56:42.2367912+00:00	219.5	6647808
2026-09-30T07:56:47.2505485+00:00	224.469	6647808
2026-09-30T07:56:52.2599972+00:00	229.484	6639616
2026-09-30T07:56:57.2780878+00:00	234.5	6656000
2026-09-30T07:57:02.2916603+00:00	239.5	6651904
2026-09-30T07:57:07.3042988+00:00	244.5	6647808
2026-09-30T07:57:12.3247000+00:00	249.5	6643712
2026-09-30T07:57:17.3423132+00:00	254.516	6639616
2026-09-30T07:57:22.3591926+00:00	259.516	6647808
2026-09-30T07:57:27.3785055+00:00	264.547	6647808
2026-09-30T07:57:32.3922878+00:00	269.562	6643712
2026-09-30T07:57:37.4039872+00:00	274.547	6639616
2026-09-30T07:57:42.4267004+00:00	279.578	6651904
2026-09-30T07:57:47.4439011+00:00	284.594	6635520
2026-09-30T07:57:52.4566268+00:00	289.562	6643712
2026-09-30T07:57:57.4748582+00:00	294.547	6643712
2026-09-30T07:58:02.4861300+00:00	299.531	6787072
2026-09-30T07:58:07.4961049+00:00	304.531	6791168
2026-09-30T07:58:12.5132644+00:00	309.516	6774784
2026-09-30T07:58:17.5346079+00:00	314.531	6762496
2026-09-30T07:58:22.5559129+00:00	319.531	6774784
2026-09-30T07:58:27.5696724+00:00	324.484	6791168
2026-09-30T07:58:32.5783756+00:00	329.469	6774784
2026-09-30T07:58:37.5975496+00:00	334.484	6791168
2026-09-30T07:58:42.6097193+00:00	339.484	6782976
2026-09-30T07:58:47.6253750+00:00	344.469	6774784
2026-09-30T07:58:52.6485367+00:00	349.469	6778880
2026-09-30T07:58:57.6646865+00:00	354.453	6791168
2026-09-30T07:59:02.6854295+00:00	359.453	6774784
2026-09-30T07:59:07.7045457+00:00	364.406	6791168
2026-09-30T07:59:12.7238322+00:00	369.422	6778880
2026-09-30T07:59:17.7332449+00:00	374.406	6791168
2026-09-30T07:59:22.7449815+00:00	379.391	6791168
2026-09-30T07:59:27.7544614+00:00	384.375	6766592
2026-09-30T07:59:32.7754219+00:00	389.375	6787072
2026-09-30T07:59:37.7895985+00:00	394.391	6770688
2026-09-30T07:59:42.8119013+00:00	399.391	6778880
2026-09-30T07:59:47.8303586+00:00	404.422	6733824
2026-09-30T07:59:52.8405006+00:00	409.422	6746112
2026-09-30T07:59:57.8554254+00:00	414.438	6729728
2026-09-30T08:00:02.8762568+00:00	419.453	6737920
2026-09-30T08:00:07.8945204+00:00	424.453	6733824
2026-09-30T08:00:12.9142465+00:00	429.438	6742016
2026-09-30T08:00:17.9302287+00:00	434.422	6750208
2026-09-30T08:00:22.9328304+00:00	439.391	6725632
2026-09-30T08:00:27.9532731+00:00	444.328	6737920
2026-09-30T08:00:32.9629572+00:00	449.328	6737920
2026-09-30T08:00:37.9829074+00:00	454.344	6737920
2026-09-30T08:00:42.9918742+00:00	459.328	6750208
2026-09-30T08:00:47.9990753+00:00	464.328	6733824
2026-09-30T08:00:53.0164971+00:00	469.344	6750208
2026-09-30T08:00:58.0358705+00:00	474.328	6729728
2026-09-30T08:01:03.0546505+00:00	479.344	6750208
2026-09-30T08:01:08.0680701+00:00	484.344	6742016
2026-09-30T08:01:13.0770649+00:00	489.328	6746112
2026-09-30T08:01:18.0904515+00:00	494.297	6742016
2026-09-30T08:01:23.1017102+00:00	499.281	6746112
2026-09-30T08:01:28.1171598+00:00	504.281	6742016
2026-09-30T08:01:33.1399617+00:00	509.266	6750208
2026-09-30T08:01:38.1518045+00:00	514.281	6742016
2026-09-30T08:01:43.1609020+00:00	519.297	6742016
2026-09-30T08:01:48.1716216+00:00	524.297	6742016
2026-09-30T08:01:53.1906774+00:00	529.328	6737920
2026-09-30T08:01:58.2056038+00:00	534.297	6750208
2026-09-30T08:02:03.2277828+00:00	539.297	6733824
2026-09-30T08:02:08.2450261+00:00	544.312	6746112
2026-09-30T08:02:13.2577613+00:00	549.328	6742016
2026-09-30T08:02:18.2709032+00:00	554.312	6742016
2026-09-30T08:02:23.2897867+00:00	559.328	6746112
2026-09-30T08:02:28.3026540+00:00	564.328	6742016
2026-09-30T08:02:33.3176399+00:00	569.344	6742016
2026-09-30T08:02:38.3372032+00:00	574.359	6742016
2026-09-30T08:02:43.3489923+00:00	579.359	6729728
2026-09-30T08:02:48.3621387+00:00	584.359	6746112
2026-09-30T08:02:53.3828146+00:00	589.359	6742016
2026-09-30T08:02:58.3946508+00:00	594.359	6746112
2026-09-30T08:03:03.4103729+00:00	599.359	6762496
2026-09-30T08:03:08.4342645+00:00	604.375	6766592
2026-09-30T08:03:13.4435615+00:00	609.391	6758400
2026-09-30T08:03:18.4638602+00:00	614.406	6762496
2026-09-30T08:03:23.4802643+00:00	619.422	6754304
2026-09-30T08:03:28.4974679+00:00	624.406	6762496
2026-09-30T08:03:33.5067124+00:00	629.406	6758400
2026-09-30T08:03:38.5230477+00:00	634.406	6762496
2026-09-30T08:03:43.5443954+00:00	639.422	6766592
2026-09-30T08:03:48.5582983+00:00	644.438	6754304
2026-09-30T08:03:53.5812835+00:00	649.469	6758400
2026-09-30T08:03:58.5965671+00:00	654.469	6750208
2026-09-30T08:04:03.6189741+00:00	659.484	6754304
2026-09-30T08:04:08.6294740+00:00	664.5	6766592
2026-09-30T08:04:13.6417326+00:00	669.484	6758400
2026-09-30T08:04:18.6538073+00:00	674.484	6746112
2026-09-30T08:04:23.6767864+00:00	679.516	6742016
2026-09-30T08:04:28.6994133+00:00	684.516	6750208
2026-09-30T08:04:33.7201046+00:00	689.516	6733824
2026-09-30T08:04:38.7315021+00:00	694.531	6750208
2026-09-30T08:04:43.7467863+00:00	699.516	6733824
2026-09-30T08:04:48.7679026+00:00	704.5	6746112
2026-09-30T08:04:53.7769916+00:00	709.5	6742016
2026-09-30T08:04:58.7897861+00:00	714.516	6733824
2026-09-30T08:05:03.8059661+00:00	719.5	6746112
2026-09-30T08:05:08.8143338+00:00	724.484	6742016
2026-09-30T08:05:13.8274982+00:00	729.5	6737920
2026-09-30T08:05:18.8420430+00:00	734.484	6733824
2026-09-30T08:05:23.8634023+00:00	739.516	6737920
2026-09-30T08:05:28.8753475+00:00	744.516	6725632
2026-09-30T08:05:33.8967676+00:00	749.516	6746112
2026-09-30T08:05:38.9171181+00:00	754.516	6737920
2026-09-30T08:05:43.9375794+00:00	759.531	6742016
2026-09-30T08:05:48.9609129+00:00	764.547	6737920
2026-09-30T08:05:53.9766132+00:00	769.516	6750208
2026-09-30T08:05:58.9860348+00:00	774.5	6737920
2026-09-30T08:06:03.9995029+00:00	779.484	6742016
2026-09-30T08:06:09.0120572+00:00	784.484	6766592
2026-09-30T08:06:14.0237682+00:00	789.5	6737920
2026-09-30T08:06:19.0454379+00:00	794.469	6733824
2026-09-30T08:06:24.0624644+00:00	799.484	6733824
2026-09-30T08:06:29.0769885+00:00	804.484	6729728
2026-09-30T08:06:34.0953400+00:00	809.484	6746112
2026-09-30T08:06:39.1117504+00:00	814.484	6733824
2026-09-30T08:06:44.1266200+00:00	819.453	6746112
2026-09-30T08:06:49.1517876+00:00	824.484	6742016
2026-09-30T08:06:54.1740621+00:00	829.422	6750208
2026-09-30T08:06:59.1875473+00:00	834.328	6746112
2026-09-30T08:07:04.1985632+00:00	839.344	6746112
2026-09-30T08:07:09.2225330+00:00	844.375	6721536
2026-09-30T08:07:14.2338068+00:00	849.344	6733824
2026-09-30T08:07:19.2520059+00:00	854.344	6729728
2026-09-30T08:07:24.2715743+00:00	859.375	6742016
2026-09-30T08:07:29.2940841+00:00	864.375	6733824
2026-09-30T08:07:34.3049320+00:00	869.359	6733824
2026-09-30T08:07:39.3230971+00:00	874.359	6746112
2026-09-30T08:07:44.3431543+00:00	879.375	6737920
2026-09-30T08:07:49.3535746+00:00	884.391	6733824
2026-09-30T08:07:54.3644194+00:00	889.406	6746112
2026-09-30T08:07:59.3880889+00:00	894.406	6737920
2026-09-30T08:08:04.4034786+00:00	899.422	6742016
2026-09-30T08:08:09.4215669+00:00	904.438	6742016
2026-09-30T08:08:14.4382979+00:00	909.406	6725632
2026-09-30T08:08:19.4550540+00:00	914.406	6737920
2026-09-30T08:08:24.4767300+00:00	919.438	6737920
2026-09-30T08:08:29.4987814+00:00	924.453	6742016
2026-09-30T08:08:34.5202908+00:00	929.453	6742016
2026-09-30T08:08:39.5377674+00:00	934.469	6742016
2026-09-30T08:08:44.5572582+00:00	939.484	6766592
2026-09-30T08:08:49.5774669+00:00	944.5	6742016
2026-09-30T08:08:54.5913997+00:00	949.5	6742016
2026-09-30T08:08:59.6115237+00:00	954.516	6733824
2026-09-30T08:09:04.6336991+00:00	959.531	6746112
2026-09-30T08:09:09.6559126+00:00	964.547	6746112
2026-09-30T08:09:14.6770934+00:00	969.547	6742016
2026-09-30T08:09:19.6993320+00:00	974.562	6742016
2026-09-30T08:09:24.7136864+00:00	979.578	6737920
2026-09-30T08:09:29.7288540+00:00	984.594	6733824
2026-09-30T08:09:34.7491511+00:00	989.609	6737920
2026-09-30T08:09:39.7653080+00:00	994.609	6737920
2026-09-30T08:09:44.7808153+00:00	999.609	6737920
2026-09-30T08:09:49.7906650+00:00	1004.625	6729728
2026-09-30T08:09:54.8085663+00:00	1009.609	6742016
2026-09-30T08:09:59.8287435+00:00	1014.578	6742016
2026-09-30T08:10:04.8478345+00:00	1019.609	6742016
2026-09-30T08:10:09.8569754+00:00	1024.609	6729728
2026-09-30T08:10:14.8796898+00:00	1029.594	6742016
2026-09-30T08:10:19.8904157+00:00	1034.578	6742016
2026-09-30T08:10:24.9112190+00:00	1039.578	6742016
2026-09-30T08:10:29.9221781+00:00	1044.578	6742016
2026-09-30T08:10:34.9311999+00:00	1049.578	6733824
2026-09-30T08:10:39.9425751+00:00	1054.578	6750208
2026-09-30T08:10:44.9578704+00:00	1059.594	6750208
2026-09-30T08:10:49.9809740+00:00	1064.594	6742016
2026-09-30T08:10:55.0000092+00:00	1069.594	6746112
2026-09-30T08:11:00.0198423+00:00	1074.594	6750208
2026-09-30T08:11:05.0418534+00:00	1079.594	6742016
2026-09-30T08:11:10.0524060+00:00	1084.578	6737920
2026-09-30T08:11:15.0633692+00:00	1089.562	6742016
2026-09-30T08:11:20.0731853+00:00	1094.578	6733824
2026-09-30T08:11:25.0960901+00:00	1099.594	6737920
2026-09-30T08:11:30.1160038+00:00	1104.609	6737920
2026-09-30T08:11:35.1374148+00:00	1109.625	6733824
2026-09-30T08:11:40.1516277+00:00	1114.609	6737920
2026-09-30T08:11:45.1608851+00:00	1119.609	6737920
2026-09-30T08:11:50.1787894+00:00	1124.594	6746112
2026-09-30T08:11:55.2005873+00:00	1129.578	6742016
2026-09-30T08:12:00.2232988+00:00	1134.594	6737920
2026-09-30T08:12:05.2436291+00:00	1139.578	6737920
2026-09-30T08:12:10.2599806+00:00	1144.578	6746112
2026-09-30T08:12:15.2805118+00:00	1149.547	6758400
2026-09-30T08:12:20.3009331+00:00	1154.562	6746112
2026-09-30T08:12:25.3182159+00:00	1159.562	6742016
2026-09-30T08:12:30.3377238+00:00	1164.531	6746112
2026-09-30T08:12:35.3515988+00:00	1169.531	6737920
2026-09-30T08:12:40.3624950+00:00	1174.531	6742016
2026-09-30T08:12:45.3828648+00:00	1179.516	6737920
2026-09-30T08:12:50.3934124+00:00	1184.5	6733824
2026-09-30T08:12:55.4125880+00:00	1189.516	6750208
2026-09-30T08:13:00.4309392+00:00	1194.516	6733824
2026-09-30T08:13:05.4398439+00:00	1199.5	6737920
2026-09-30T08:13:10.4485453+00:00	1204.516	6742016
2026-09-30T08:13:15.4615128+00:00	1209.531	6737920
2026-09-30T08:13:20.4843297+00:00	1214.531	6733824
2026-09-30T08:13:25.4990689+00:00	1219.547	6766592
2026-09-30T08:13:30.5224422+00:00	1224.578	6742016
2026-09-30T08:13:35.5341176+00:00	1229.547	6737920
2026-09-30T08:13:40.5565951+00:00	1234.578	6733824
2026-09-30T08:13:45.5775021+00:00	1239.594	6737920
2026-09-30T08:13:50.5998687+00:00	1244.609	6733824
2026-09-30T08:13:55.6135215+00:00	1249.625	6737920
2026-09-30T08:14:00.6351674+00:00	1254.641	6750208
2026-09-30T08:14:05.6573074+00:00	1259.656	6746112
2026-09-30T08:14:10.6770846+00:00	1264.688	6742016
2026-09-30T08:14:15.6948241+00:00	1269.688	6742016
2026-09-30T08:14:20.7128650+00:00	1274.703	6746112
2026-09-30T08:14:25.7260233+00:00	1279.672	6733824
2026-09-30T08:14:30.7348086+00:00	1284.672	6733824
2026-09-30T08:14:35.7488879+00:00	1289.688	6742016
2026-09-30T08:14:40.7640099+00:00	1294.703	6737920
2026-09-30T08:14:45.7874077+00:00	1299.734	6733824
2026-09-30T08:14:50.8023720+00:00	1304.719	6742016
2026-09-30T08:14:55.8118092+00:00	1309.703	6742016
2026-09-30T08:15:00.8254871+00:00	1314.703	6746112
2026-09-30T08:15:05.8436499+00:00	1319.703	6737920
2026-09-30T08:15:10.8544111+00:00	1324.703	6742016
2026-09-30T08:15:15.8684603+00:00	1329.688	6737920
2026-09-30T08:15:20.8788617+00:00	1334.688	6742016
2026-09-30T08:15:25.8918683+00:00	1339.625	6725632
2026-09-30T08:15:30.9138798+00:00	1344.656	6742016
2026-09-30T08:15:35.9326381+00:00	1349.672	6746112
2026-09-30T08:15:40.9411380+00:00	1354.688	6742016
2026-09-30T08:15:45.9529489+00:00	1359.656	6733824
2026-09-30T08:15:50.9732257+00:00	1364.656	6725632
2026-09-30T08:15:55.9948733+00:00	1369.625	6737920
2026-09-30T08:16:01.0107270+00:00	1374.641	6733824
2026-09-30T08:16:06.0328818+00:00	1379.641	6733824
2026-09-30T08:16:11.0450275+00:00	1384.609	6742016
2026-09-30T08:16:16.0610771+00:00	1389.625	6742016
2026-09-30T08:16:21.0742066+00:00	1394.609	6737920
2026-09-30T08:16:26.0872218+00:00	1399.609	6746112
2026-09-30T08:16:31.1107830+00:00	1404.625	6746112
2026-09-30T08:16:36.1316176+00:00	1409.656	6750208
2026-09-30T08:16:41.1510310+00:00	1414.656	6742016
2026-09-30T08:16:46.1695031+00:00	1419.656	6725632
2026-09-30T08:16:51.1907285+00:00	1424.672	6750208
2026-09-30T08:16:56.2054057+00:00	1429.672	6746112
2026-09-30T08:17:01.2136924+00:00	1434.672	6737920
2026-09-30T08:17:06.2283497+00:00	1439.688	6742016
2026-09-30T08:17:11.2392876+00:00	1444.688	6737920
2026-09-30T08:17:16.2555540+00:00	1449.688	6746112
2026-09-30T08:17:21.2698970+00:00	1454.703	6737920
2026-09-30T08:17:26.2844245+00:00	1459.672	6742016
2026-09-30T08:17:31.2993130+00:00	1464.656	6742016
2026-09-30T08:17:36.3202209+00:00	1469.688	6746112
2026-09-30T08:17:41.3302734+00:00	1474.656	6733824
2026-09-30T08:17:46.3491991+00:00	1479.672	6742016
2026-09-30T08:17:51.3655042+00:00	1484.688	6729728
2026-09-30T08:17:56.3883004+00:00	1489.688	6733824
2026-09-30T08:18:01.4034760+00:00	1494.703	6746112
2026-09-30T08:18:06.4198426+00:00	1499.719	6737920
2026-09-30T08:18:11.4312137+00:00	1504.672	6737920
2026-09-30T08:18:16.4535349+00:00	1509.688	6754304
2026-09-30T08:18:21.4620813+00:00	1514.688	6721536
2026-09-30T08:18:26.4853831+00:00	1519.703	6742016
2026-09-30T08:18:31.4975537+00:00	1524.672	6742016
2026-09-30T08:18:36.5211058+00:00	1529.703	6737920
2026-09-30T08:18:41.5411730+00:00	1534.719	6750208
2026-09-30T08:18:46.5621854+00:00	1539.734	6737920
2026-09-30T08:18:51.5785961+00:00	1544.734	6742016
2026-09-30T08:18:56.5958141+00:00	1549.719	6742016
2026-09-30T08:19:01.6112801+00:00	1554.734	6729728
2026-09-30T08:19:06.6296868+00:00	1559.75	6746112
2026-09-30T08:19:11.6496965+00:00	1564.75	6737920
2026-09-30T08:19:16.6644036+00:00	1569.75	6742016
2026-09-30T08:19:21.6805236+00:00	1574.766	6733824
2026-09-30T08:19:26.6995018+00:00	1579.781	6737920
2026-09-30T08:19:31.7174459+00:00	1584.75	6746112
2026-09-30T08:19:36.7340236+00:00	1589.75	6746112
2026-09-30T08:19:41.7479255+00:00	1594.766	6737920
2026-09-30T08:19:46.7636726+00:00	1599.766	6737920
2026-09-30T08:19:51.7846906+00:00	1604.766	6737920
2026-09-30T08:19:56.8009300+00:00	1609.781	6733824
2026-09-30T08:20:01.8160541+00:00	1614.766	6737920
2026-09-30T08:20:06.8253829+00:00	1619.703	6737920
2026-09-30T08:20:11.8371175+00:00	1624.703	6746112
2026-09-30T08:20:16.8508714+00:00	1629.703	6750208
2026-09-30T08:20:21.8619183+00:00	1634.672	6737920
2026-09-30T08:20:26.8717292+00:00	1639.656	6746112
2026-09-30T08:20:31.8820755+00:00	1644.672	6742016
2026-09-30T08:20:36.9021712+00:00	1649.672	6737920
2026-09-30T08:20:41.9097376+00:00	1654.656	6742016
2026-09-30T08:20:46.9200612+00:00	1659.656	6742016
2026-09-30T08:20:51.9389369+00:00	1664.641	6737920
2026-09-30T08:20:56.9607727+00:00	1669.672	6733824
2026-09-30T08:21:01.9785120+00:00	1674.688	6746112
2026-09-30T08:21:06.9938809+00:00	1679.656	6742016
2026-09-30T08:21:12.0088954+00:00	1684.656	6746112
2026-09-30T08:21:17.0198768+00:00	1689.672	6742016
2026-09-30T08:21:22.0331352+00:00	1694.672	6746112
2026-09-30T08:21:27.0475012+00:00	1699.672	6737920
2026-09-30T08:21:32.0577686+00:00	1704.688	6754304
2026-09-30T08:21:37.0802877+00:00	1709.672	6737920
2026-09-30T08:21:42.1015623+00:00	1714.703	6742016
2026-09-30T08:21:47.1106033+00:00	1719.641	6742016
2026-09-30T08:21:52.1317485+00:00	1724.672	6742016
2026-09-30T08:21:57.1498398+00:00	1729.656	6737920
2026-09-30T08:22:02.1600166+00:00	1734.641	6729728
2026-09-30T08:22:07.1697838+00:00	1739.641	6737920
2026-09-30T08:22:12.1896061+00:00	1744.594	6742016
2026-09-30T08:22:17.2066153+00:00	1749.609	6754304
2026-09-30T08:22:22.2290968+00:00	1754.625	6742016
2026-09-30T08:22:27.2473953+00:00	1759.641	6750208
2026-09-30T08:22:32.2580091+00:00	1764.656	6746112
2026-09-30T08:22:37.2734951+00:00	1769.641	6733824
2026-09-30T08:22:42.2883616+00:00	1774.641	6733824
2026-09-30T08:22:47.3088903+00:00	1779.641	6742016
2026-09-30T08:22:52.3286097+00:00	1784.656	6746112
2026-09-30T08:22:57.3472775+00:00	1789.625	6742016
2026-09-30T08:23:02.3652887+00:00	1794.625	6742016
2026-09-30T08:23:07.3807873+00:00	1799.641	6750208
2026-09-30T08:23:12.3975765+00:00	1804.625	6742016
2026-09-30T08:23:17.4100181+00:00	1809.625	6742016
2026-09-30T08:23:22.4190501+00:00	1814.641	6733824
2026-09-30T08:23:27.4347176+00:00	1819.641	6746112
2026-09-30T08:23:32.4564003+00:00	1824.641	6737920
2026-09-30T08:23:37.4719996+00:00	1829.641	6737920
2026-09-30T08:23:42.4837819+00:00	1834.641	6737920
2026-09-30T08:23:47.4964596+00:00	1839.656	6750208
2026-09-30T08:23:52.5089962+00:00	1844.656	6733824
2026-09-30T08:23:57.5221355+00:00	1849.641	6737920
2026-09-30T08:24:02.5367363+00:00	1854.656	6737920
2026-09-30T08:24:07.5572227+00:00	1859.641	6742016
2026-09-30T08:24:12.5786141+00:00	1864.625	6733824
2026-09-30T08:24:17.5939416+00:00	1869.625	6737920
2026-09-30T08:24:22.6123617+00:00	1874.641	6737920
2026-09-30T08:24:27.6321114+00:00	1879.625	6733824
2026-09-30T08:24:32.6502744+00:00	1884.625	6746112
2026-09-30T08:24:37.6670898+00:00	1889.625	6742016
2026-09-30T08:24:42.6843546+00:00	1894.625	6737920
2026-09-30T08:24:47.6956796+00:00	1899.625	6746112
2026-09-30T08:24:52.7150193+00:00	1904.641	6737920
2026-09-30T08:24:57.7270292+00:00	1909.656	6746112
2026-09-30T08:25:02.7498960+00:00	1914.656	6742016
2026-09-30T08:25:07.7618311+00:00	1919.672	6742016
2026-09-30T08:25:12.7753564+00:00	1924.688	6746112
2026-09-30T08:25:17.7838059+00:00	1929.672	6746112
2026-09-30T08:25:22.8033825+00:00	1934.703	6729728
2026-09-30T08:25:27.8251549+00:00	1939.719	6742016
2026-09-30T08:25:32.8425187+00:00	1944.734	6742016
2026-09-30T08:25:37.8629755+00:00	1949.688	6742016
2026-09-30T08:25:42.8850998+00:00	1954.719	6737920
2026-09-30T08:25:47.9028412+00:00	1959.703	6766592
2026-09-30T08:25:52.9184122+00:00	1964.703	6746112
2026-09-30T08:25:57.9333161+00:00	1969.703	6750208
2026-09-30T08:26:02.9550810+00:00	1974.703	6737920
2026-09-30T08:26:07.9778310+00:00	1979.703	6742016
2026-09-30T08:26:12.9864361+00:00	1984.703	6737920
2026-09-30T08:26:17.9994085+00:00	1989.703	6733824
2026-09-30T08:26:23.0182737+00:00	1994.703	6733824
2026-09-30T08:26:28.0405978+00:00	1999.688	6746112
2026-09-30T08:26:33.0571008+00:00	2004.672	6737920
2026-09-30T08:26:38.0802463+00:00	2009.656	6746112
2026-09-30T08:26:43.0981137+00:00	2014.656	6717440
2026-09-30T08:26:48.1173269+00:00	2019.672	6737920
2026-09-30T08:26:53.1279852+00:00	2024.672	6733824
2026-09-30T08:26:58.1374216+00:00	2029.672	6746112
2026-09-30T08:27:03.1487652+00:00	2034.688	6737920
2026-09-30T08:27:08.1642939+00:00	2039.703	6750208
2026-09-30T08:27:13.1734086+00:00	2044.703	6729728
2026-09-30T08:27:18.1915163+00:00	2049.703	6737920
2026-09-30T08:27:23.2001409+00:00	2054.719	6742016
2026-09-30T08:27:28.2207841+00:00	2059.734	6742016
2026-09-30T08:27:33.2366785+00:00	2064.75	6746112
2026-09-30T08:27:38.2569594+00:00	2069.766	6737920
2026-09-30T08:27:43.2697330+00:00	2074.766	6733824
2026-09-30T08:27:48.2870516+00:00	2079.75	6729728
2026-09-30T08:27:53.3025854+00:00	2084.75	6737920
2026-09-30T08:27:58.3153812+00:00	2089.703	6742016
2026-09-30T08:28:03.3261122+00:00	2094.719	6737920
2026-09-30T08:28:08.3334238+00:00	2099.719	6737920
2026-09-30T08:28:13.3436418+00:00	2104.719	6733824
2026-09-30T08:28:18.3626144+00:00	2109.734	6742016
2026-09-30T08:28:23.3707613+00:00	2114.75	6729728
2026-09-30T08:28:28.3787728+00:00	2119.703	6766592
2026-09-30T08:28:33.3922475+00:00	2124.688	6742016
2026-09-30T08:28:38.4097234+00:00	2129.688	6746112
2026-09-30T08:28:43.4221571+00:00	2134.703	6729728
2026-09-30T08:28:48.4329950+00:00	2139.719	6733824
2026-09-30T08:28:53.4517069+00:00	2144.734	6742016
2026-09-30T08:28:58.4691313+00:00	2149.688	6733824
2026-09-30T08:29:03.4902096+00:00	2154.719	6742016
2026-09-30T08:29:08.5077835+00:00	2159.734	6750208
2026-09-30T08:29:13.5218393+00:00	2164.734	6750208
2026-09-30T08:29:18.5435621+00:00	2169.734	6742016
2026-09-30T08:29:23.5538308+00:00	2174.75	6742016
2026-09-30T08:29:28.5747787+00:00	2179.766	6746112
2026-09-30T08:29:33.5860406+00:00	2184.766	6750208
2026-09-30T08:29:38.6030589+00:00	2189.75	6742016
2026-09-30T08:29:43.6112772+00:00	2194.734	6742016
2026-09-30T08:29:48.6273463+00:00	2199.734	6746112
2026-09-30T08:29:53.6438089+00:00	2204.688	6742016
2026-09-30T08:29:58.6658164+00:00	2209.703	6742016
2026-09-30T08:30:03.6871111+00:00	2214.703	6733824
2026-09-30T08:30:08.6943462+00:00	2219.688	6737920
2026-09-30T08:30:13.7163992+00:00	2224.703	6733824
2026-09-30T08:30:18.7261203+00:00	2229.719	6737920
2026-09-30T08:30:23.7349315+00:00	2234.703	6742016
2026-09-30T08:30:28.7524844+00:00	2239.719	6742016
2026-09-30T08:30:33.7698025+00:00	2244.703	6737920
2026-09-30T08:30:38.7831037+00:00	2249.672	6737920
2026-09-30T08:30:43.7964143+00:00	2254.672	6742016
2026-09-30T08:30:48.8121905+00:00	2259.641	6742016
2026-09-30T08:30:53.8231433+00:00	2264.641	6746112
2026-09-30T08:30:58.8349560+00:00	2269.594	6742016
2026-09-30T08:31:03.8512064+00:00	2274.594	6758400
2026-09-30T08:31:08.8737402+00:00	2279.578	6729728
2026-09-30T08:31:13.8897292+00:00	2284.578	6750208
2026-09-30T08:31:18.9057409+00:00	2289.578	6746112
2026-09-30T08:31:23.9290849+00:00	2294.594	6742016
2026-09-30T08:31:28.9459736+00:00	2299.594	6733824
2026-09-30T08:31:33.9676386+00:00	2304.578	6742016
2026-09-30T08:31:38.9853126+00:00	2309.578	6721536
2026-09-30T08:31:44.0049527+00:00	2314.578	6742016
2026-09-30T08:31:49.0211039+00:00	2319.578	6729728
2026-09-30T08:31:54.0474970+00:00	2324.609	6733824
2026-09-30T08:31:59.0706870+00:00	2329.594	6733824
2026-09-30T08:32:04.0883926+00:00	2334.594	6746112
2026-09-30T08:32:09.0973494+00:00	2339.578	6742016
2026-09-30T08:32:14.1046403+00:00	2344.547	6737920
2026-09-30T08:32:19.1220073+00:00	2349.516	6737920
2026-09-30T08:32:24.1423290+00:00	2354.5	6750208
2026-09-30T08:32:29.1523704+00:00	2359.484	6742016
2026-09-30T08:32:34.1669230+00:00	2364.469	6733824
2026-09-30T08:32:39.1834488+00:00	2369.469	6750208
2026-09-30T08:32:44.1985835+00:00	2374.453	6742016
2026-09-30T08:32:49.2208531+00:00	2379.438	6742016
2026-09-30T08:32:54.2385577+00:00	2384.453	6742016
2026-09-30T08:32:59.2526717+00:00	2389.438	6737920
2026-09-30T08:33:04.2724628+00:00	2394.453	6746112
2026-09-30T08:33:09.2837483+00:00	2399.438	6737920
2026-09-30T08:33:14.3022504+00:00	2404.406	6742016
2026-09-30T08:33:19.3095487+00:00	2409.359	6737920
2026-09-30T08:33:24.3290912+00:00	2414.359	6729728
2026-09-30T08:33:29.3431189+00:00	2419.359	6742016
2026-09-30T08:33:34.3635086+00:00	2424.328	6742016
2026-09-30T08:33:39.3808209+00:00	2429.312	6746112
2026-09-30T08:33:44.3990036+00:00	2434.312	6737920
2026-09-30T08:33:49.4152186+00:00	2439.234	6762496
2026-09-30T08:33:54.4278893+00:00	2444.188	6750208
2026-09-30T08:33:59.4383862+00:00	2449.188	6737920
2026-09-30T08:34:04.4481419+00:00	2454.188	6750208
2026-09-30T08:34:09.4596187+00:00	2459.203	6742016
2026-09-30T08:34:14.4784919+00:00	2464.219	6737920
2026-09-30T08:34:19.5025754+00:00	2469.234	6737920
2026-09-30T08:34:24.5128459+00:00	2474.188	6737920
2026-09-30T08:34:29.5236418+00:00	2479.203	6729728
2026-09-30T08:34:34.5416953+00:00	2484.172	6746112
2026-09-30T08:34:39.5587527+00:00	2489.125	6737920
2026-09-30T08:34:44.5813908+00:00	2494.078	6742016
2026-09-30T08:34:49.5894748+00:00	2499.047	6737920
2026-09-30T08:34:54.6070526+00:00	2504.062	6737920
2026-09-30T08:34:59.6304635+00:00	2509.078	6733824
2026-09-30T08:35:04.6433375+00:00	2514.047	6742016
2026-09-30T08:35:09.6580612+00:00	2519.047	6746112
2026-09-30T08:35:14.6803500+00:00	2524.031	6733824
2026-09-30T08:35:19.6932323+00:00	2529	6746112
2026-09-30T08:35:24.7160617+00:00	2534	6746112
2026-09-30T08:35:29.7304398+00:00	2538.969	6746112
2026-09-30T08:35:34.7458923+00:00	2543.938	6746112
2026-09-30T08:35:39.7692806+00:00	2548.875	6750208
2026-09-30T08:35:44.7858665+00:00	2553.828	6737920
2026-09-30T08:35:49.8002476+00:00	2558.828	6750208
2026-09-30T08:35:54.8212186+00:00	2563.781	6766592
2026-09-30T08:35:59.8306753+00:00	2568.75	6737920
2026-09-30T08:36:04.8452343+00:00	2573.75	6742016
2026-09-30T08:36:09.8655771+00:00	2578.75	6729728
2026-09-30T08:36:14.8859791+00:00	2583.781	6737920
2026-09-30T08:36:19.8996560+00:00	2588.781	6733824
2026-09-30T08:36:24.9204544+00:00	2593.766	6737920
2026-09-30T08:36:29.9403287+00:00	2598.75	6746112
2026-09-30T08:36:34.9538756+00:00	2603.766	6733824
2026-09-30T08:36:39.9706398+00:00	2608.75	6729728
2026-09-30T08:36:44.9873870+00:00	2613.734	6742016
2026-09-30T08:36:49.9960868+00:00	2618.703	6729728
2026-09-30T08:36:55.0189999+00:00	2623.688	6750208
2026-09-30T08:37:00.0362202+00:00	2628.688	6746112
2026-09-30T08:37:05.0516309+00:00	2633.688	6733824
2026-09-30T08:37:10.0609804+00:00	2638.641	6737920
2026-09-30T08:37:15.0821539+00:00	2643.641	6750208
2026-09-30T08:37:20.0968939+00:00	2648.641	6750208
2026-09-30T08:37:25.1197007+00:00	2653.594	6742016
2026-09-30T08:37:30.1404514+00:00	2658.594	6742016
2026-09-30T08:37:35.1523384+00:00	2663.594	6746112
2026-09-30T08:37:40.1620893+00:00	2668.547	6750208
2026-09-30T08:37:45.1760662+00:00	2673.547	6737920
2026-09-30T08:37:50.1984057+00:00	2678.578	6742016
2026-09-30T08:37:55.2255691+00:00	2683.531	6733824
2026-09-30T08:38:00.2446106+00:00	2688.562	6737920
2026-09-30T08:38:05.2598836+00:00	2693.547	6742016
2026-09-30T08:38:10.2840282+00:00	2698.547	6737920
2026-09-30T08:38:15.2934561+00:00	2703.547	6725632
2026-09-30T08:38:20.3095089+00:00	2708.547	6742016
2026-09-30T08:38:25.3230962+00:00	2713.531	6742016
2026-09-30T08:38:30.3350441+00:00	2718.516	6721536
2026-09-30T08:38:35.4624096+00:00	2723.625	6746112
2026-09-30T08:38:40.4763161+00:00	2728.641	6742016
2026-09-30T08:38:45.4919135+00:00	2733.641	6737920
2026-09-30T08:38:50.5041453+00:00	2738.625	6750208
2026-09-30T08:38:55.5213393+00:00	2743.625	6742016
2026-09-30T08:39:00.5439008+00:00	2748.656	6766592
2026-09-30T08:39:05.5643034+00:00	2753.656	6729728
2026-09-30T08:39:10.5858229+00:00	2758.672	6742016
2026-09-30T08:39:15.6059866+00:00	2763.656	6733824
2026-09-30T08:39:20.6269828+00:00	2768.672	6750208
2026-09-30T08:39:25.6393928+00:00	2773.656	6742016
2026-09-30T08:39:30.6617865+00:00	2778.656	6742016
2026-09-30T08:39:35.6712959+00:00	2783.672	6737920
2026-09-30T08:39:40.6801041+00:00	2788.688	6742016
2026-09-30T08:39:45.6885851+00:00	2793.672	6737920
2026-09-30T08:39:50.7058696+00:00	2798.656	6733824
2026-09-30T08:39:55.7159037+00:00	2803.672	6733824
2026-09-30T08:40:00.7331712+00:00	2808.688	6737920
2026-09-30T08:40:05.7524708+00:00	2813.688	6742016
2026-09-30T08:40:10.7721489+00:00	2818.688	6742016
2026-09-30T08:40:15.7931319+00:00	2823.703	6742016
2026-09-30T08:40:20.8119822+00:00	2828.719	6737920
2026-09-30T08:40:25.8242100+00:00	2833.734	6737920
2026-09-30T08:40:30.8384105+00:00	2838.719	6733824
2026-09-30T08:40:35.8590041+00:00	2843.734	6737920
2026-09-30T08:40:40.8773641+00:00	2848.75	6733824
2026-09-30T08:40:45.9008669+00:00	2853.75	6746112
2026-09-30T08:40:50.9107672+00:00	2858.719	6746112
2026-09-30T08:40:55.9210656+00:00	2863.656	6721536
2026-09-30T08:41:00.9445201+00:00	2868.672	6750208
2026-09-30T08:41:05.9580186+00:00	2873.672	6742016
2026-09-30T08:41:10.9688657+00:00	2878.672	6742016
2026-09-30T08:41:15.9799416+00:00	2883.656	6737920
2026-09-30T08:41:20.9941069+00:00	2888.641	6742016
2026-09-30T08:41:26.0076618+00:00	2893.594	6733824
2026-09-30T08:41:31.0208384+00:00	2898.562	6729728
2026-09-30T08:41:36.0354075+00:00	2903.562	6746112
2026-09-30T08:41:41.0578664+00:00	2908.562	6742016
2026-09-30T08:41:46.0742632+00:00	2913.562	6725632
2026-09-30T08:41:51.0889079+00:00	2918.516	6750208
2026-09-30T08:41:56.1034484+00:00	2923.453	6737920
2026-09-30T08:42:01.1320434+00:00	2928.406	6737920
2026-09-30T08:42:06.1472294+00:00	2933.344	6733824
2026-09-30T08:42:11.1669820+00:00	2938.312	6746112
2026-09-30T08:42:16.1816304+00:00	2943.297	6737920
2026-09-30T08:42:21.1959593+00:00	2948.188	6742016
2026-09-30T08:42:26.2121008+00:00	2953.141	6733824
2026-09-30T08:42:31.2357298+00:00	2958.062	6737920
2026-09-30T08:42:36.2472605+00:00	2963.016	6746112
2026-09-30T08:42:41.2607836+00:00	2967.969	6742016
2026-09-30T08:42:46.2709862+00:00	2972.953	6750208
2026-09-30T08:42:51.2910762+00:00	2977.938	6733824
2026-09-30T08:42:56.3063077+00:00	2982.938	6737920
2026-09-30T08:43:01.3216627+00:00	2987.844	6750208
2026-09-30T08:43:06.3356293+00:00	2992.781	6725632
2026-09-30T08:43:11.3517211+00:00	2997.766	6733824
2026-09-30T08:43:16.3606454+00:00	3002.703	6746112
2026-09-30T08:43:21.3834423+00:00	3007.688	6737920
2026-09-30T08:43:26.4055040+00:00	3012.641	6746112
2026-09-30T08:43:31.4144176+00:00	3017.641	6746112
2026-09-30T08:43:36.4374043+00:00	3022.594	6742016
2026-09-30T08:43:41.4584311+00:00	3027.547	6746112
2026-09-30T08:43:46.4732211+00:00	3032.422	6746112
2026-09-30T08:43:51.4872668+00:00	3037.234	6737920
2026-09-30T08:43:56.5034458+00:00	3042.094	6733824
2026-09-30T08:44:01.5151855+00:00	3046.984	6746112
2026-09-30T08:44:06.5374792+00:00	3051.953	6742016
2026-09-30T08:44:11.5566869+00:00	3056.875	6742016
2026-09-30T08:44:16.5733885+00:00	3061.766	6737920
2026-09-30T08:44:21.5878835+00:00	3066.688	6758400
2026-09-30T08:44:26.6063892+00:00	3071.641	6750208
2026-09-30T08:44:31.6282237+00:00	3076.609	6746112
2026-09-30T08:44:36.6489314+00:00	3081.594	6737920
2026-09-30T08:44:41.6672589+00:00	3086.516	6737920
2026-09-30T08:44:46.6772450+00:00	3091.5	6733824
2026-09-30T08:44:51.6991263+00:00	3096.469	6742016
2026-09-30T08:44:56.7185074+00:00	3101.453	6746112
2026-09-30T08:45:01.7351206+00:00	3106.406	6750208
2026-09-30T08:45:06.7573514+00:00	3111.312	6742016
2026-09-30T08:45:11.7758118+00:00	3116.328	6737920
2026-09-30T08:45:16.7937310+00:00	3121.266	6737920
2026-09-30T08:45:21.8089092+00:00	3126.219	6733824
2026-09-30T08:45:26.8317706+00:00	3131.062	6742016
2026-09-30T08:45:31.8556287+00:00	3136.031	6742016
2026-09-30T08:45:36.8696410+00:00	3140.969	6737920
2026-09-30T08:45:41.8853751+00:00	3145.922	6750208
2026-09-30T08:45:46.9044182+00:00	3150.875	6737920
2026-09-30T08:45:51.9303494+00:00	3155.828	6746112
2026-09-30T08:45:56.9536791+00:00	3160.766	6733824
2026-09-30T08:46:01.9736128+00:00	3165.766	6742016
2026-09-30T08:46:06.9853126+00:00	3170.781	6733824
2026-09-30T08:46:12.0085517+00:00	3175.734	6737920
2026-09-30T08:46:17.0220730+00:00	3180.609	6729728
2026-09-30T08:46:22.0299301+00:00	3185.562	6729728
2026-09-30T08:46:27.0400437+00:00	3190.516	6746112
2026-09-30T08:46:32.0519655+00:00	3195.438	6733824
2026-09-30T08:46:37.0656569+00:00	3200.359	6733824
2026-09-30T08:46:42.0798710+00:00	3205.281	6737920
2026-09-30T08:46:47.0948813+00:00	3210.188	6750208
2026-09-30T08:46:52.1093830+00:00	3215.141	6746112
2026-09-30T08:46:57.1281310+00:00	3220.062	6733824
2026-09-30T08:47:02.1507126+00:00	3225.062	6729728
2026-09-30T08:47:07.1736944+00:00	3230.016	6742016
2026-09-30T08:47:12.1886019+00:00	3234.953	6733824
2026-09-30T08:47:17.2057568+00:00	3239.875	6733824
2026-09-30T08:47:22.2168165+00:00	3244.844	6729728
2026-09-30T08:47:27.2346168+00:00	3249.75	6762496
2026-09-30T08:47:32.2486085+00:00	3254.734	6737920
2026-09-30T08:47:37.2761690+00:00	3259.641	6733824
2026-09-30T08:47:42.2992273+00:00	3264.531	6742016
2026-09-30T08:47:47.3288577+00:00	3269.531	6737920
2026-09-30T08:47:52.3555603+00:00	3274.484	6737920
2026-09-30T08:47:57.3732599+00:00	3279.5	6746112
2026-09-30T08:48:02.4026424+00:00	3284.312	6742016
2026-09-30T08:48:07.4248375+00:00	3289.281	6733824
2026-09-30T08:48:12.4477316+00:00	3294.188	6729728
2026-09-30T08:48:17.4713570+00:00	3299.078	6742016
2026-09-30T08:48:22.5014411+00:00	3303.969	6742016
2026-09-30T08:48:27.5274881+00:00	3308.891	6750208
2026-09-30T08:48:32.5510016+00:00	3313.844	6725632
2026-09-30T08:48:37.5788910+00:00	3318.828	6742016
2026-09-30T08:48:42.6064317+00:00	3323.75	6729728
2026-09-30T08:48:47.6330353+00:00	3328.656	6737920
2026-09-30T08:48:52.6612495+00:00	3333.562	6746112
2026-09-30T08:48:57.6875145+00:00	3338.531	6742016
2026-09-30T08:49:02.7110153+00:00	3343.484	6746112
2026-09-30T08:49:07.7409754+00:00	3348.375	6746112
2026-09-30T08:49:12.7676255+00:00	3353.344	6729728
2026-09-30T08:49:17.7840584+00:00	3358.219	6729728
2026-09-30T08:49:22.8040827+00:00	3363.109	6742016
2026-09-30T08:49:27.8201447+00:00	3368.094	6742016
2026-09-30T08:49:32.8481437+00:00	3373.062	6737920
2026-09-30T08:49:37.8745346+00:00	3378.016	6746112
2026-09-30T08:49:42.8910777+00:00	3382.969	6729728
2026-09-30T08:49:47.9084774+00:00	3387.953	6750208
2026-09-30T08:49:52.9294430+00:00	3392.922	6746112
2026-09-30T08:49:57.9567174+00:00	3397.875	6737920
2026-09-30T08:50:02.9753106+00:00	3402.719	6725632
2026-09-30T08:50:07.9983684+00:00	3407.688	6746112
2026-09-30T08:50:13.0178239+00:00	3412.562	6737920
2026-09-30T08:50:18.0335749+00:00	3417.5	6742016
2026-09-30T08:50:23.0513929+00:00	3422.516	6737920
2026-09-30T08:50:28.0761239+00:00	3427.453	6733824
2026-09-30T08:50:33.1055903+00:00	3432.422	6742016
2026-09-30T08:50:38.1278446+00:00	3437.375	6750208
2026-09-30T08:50:43.1503673+00:00	3442.266	6742016
2026-09-30T08:50:48.1704600+00:00	3447.234	6737920
2026-09-30T08:50:53.1987327+00:00	3452.156	6746112
2026-09-30T08:50:58.2182615+00:00	3457.016	6737920
2026-09-30T08:51:03.2443459+00:00	3461.922	6737920
2026-09-30T08:51:08.2688610+00:00	3466.875	6754304
2026-09-30T08:51:13.2918806+00:00	3471.812	6729728
2026-09-30T08:51:18.3106653+00:00	3476.672	6737920
2026-09-30T08:51:23.3314967+00:00	3481.641	6746112
2026-09-30T08:51:28.3517634+00:00	3486.625	6746112
2026-09-30T08:51:33.3645167+00:00	3491.578	6754304
2026-09-30T08:51:38.3921196+00:00	3496.562	6746112
2026-09-30T08:51:43.4206010+00:00	3501.547	6746112
2026-09-30T08:51:48.4519225+00:00	3506.484	6746112
2026-09-30T08:51:53.4706218+00:00	3511.469	6742016
2026-09-30T08:51:58.4895594+00:00	3516.422	6746112
2026-09-30T08:52:03.5117583+00:00	3521.375	6742016
2026-09-30T08:52:08.5424221+00:00	3526.297	6766592
2026-09-30T08:52:13.5730663+00:00	3531.234	6737920
2026-09-30T08:52:18.5983778+00:00	3536.234	6746112
2026-09-30T08:52:23.6292712+00:00	3541.219	6746112
2026-09-30T08:52:28.6588315+00:00	3546.156	6729728
2026-09-30T08:52:33.6848558+00:00	3551.062	6742016
2026-09-30T08:52:38.7148392+00:00	3556.047	6737920
2026-09-30T08:52:43.7447449+00:00	3561.031	6750208
2026-09-30T08:52:48.7686326+00:00	3565.938	6737920
2026-09-30T08:52:53.7949583+00:00	3570.906	6742016
2026-09-30T08:52:58.8202769+00:00	3575.797	6742016
