2026-09-29T23:51:53.553+02:00	28.296875
2026-09-29T23:51:58.574+02:00	33.265625
2026-09-29T23:52:03.579+02:00	38.1875
2026-09-29T23:52:08.584+02:00	43.09375
2026-09-29T23:52:13.600+02:00	47.984375
2026-09-29T23:52:18.605+02:00	52.921875
2026-09-29T23:52:23.608+02:00	57.84375
2026-09-29T23:52:28.619+02:00	62.765625
2026-09-29T23:52:33.624+02:00	67.734375
2026-09-29T23:52:38.640+02:00	72.71875
2026-09-29T23:52:43.649+02:00	77.703125
2026-09-29T23:52:48.654+02:00	82.609375
2026-09-29T23:52:53.663+02:00	87.5
2026-09-29T23:52:58.670+02:00	92.453125
2026-09-29T23:53:03.677+02:00	97.421875
2026-09-29T23:53:08.683+02:00	102.34375
2026-09-29T23:53:13.691+02:00	107.28125
2026-09-29T23:53:18.693+02:00	112.234375
2026-09-29T23:53:23.699+02:00	117.125
2026-09-29T23:53:28.708+02:00	122.046875
2026-09-29T23:53:33.717+02:00	126.859375
2026-09-29T23:53:38.730+02:00	131.6875
2026-09-29T23:53:43.737+02:00	136.53125
2026-09-29T23:53:48.748+02:00	141.40625
2026-09-29T23:53:53.756+02:00	145.96875
2026-09-29T23:53:58.770+02:00	150.859375
2026-09-29T23:54:03.786+02:00	155.640625
2026-09-29T23:54:08.801+02:00	160.5625
2026-09-29T23:54:13.809+02:00	165.546875
2026-09-29T23:54:18.820+02:00	170.46875
2026-09-29T23:54:23.831+02:00	175.390625
